CCLE_ID,depMapID,Name
DMS53_LUNG,ACH-000698,DMS 53
SW1116_LARGE_INTESTINE,ACH-000489,SW1116
NCIH1694_LUNG,ACH-000431,NCI-H1694
P3HR1_HAEMATOPOIETIC_AND_LYMPHOID_TISSUE,ACH-000707,P3HR-1
HUT78_HAEMATOPOIETIC_AND_LYMPHOID_TISSUE,ACH-000509,HuT 78
UMUC3_URINARY_TRACT,ACH-000522,UM-UC-3
HOS_BONE,ACH-000613,HOS
HUNS1_HAEMATOPOIETIC_AND_LYMPHOID_TISSUE,ACH-000829,HuNS1
AML193_HAEMATOPOIETIC_AND_LYMPHOID_TISSUE,ACH-000557,AML-193
RVH421_SKIN,ACH-000614,RVH-421
NCIH1184_LUNG,ACH-000523,NCI-H1184
HCC2157_BREAST,ACH-000691,HCC2157
TC71_BONE,ACH-000424,TC-71
NCIH2227_LUNG,ACH-000610,NCI-H2227
COLO205_LARGE_INTESTINE,ACH-001039,COLO 205
SNU449_LIVER,ACH-000420,SNU-449
NCIH28_PLEURA,ACH-000648,NCI-H28
OV56_OVARY,ACH-000091,OV56
JHOS4_OVARY,ACH-000584,JHOS-4
KYSE450_OESOPHAGUS,ACH-000865,KYSE-450
RMUGS_OVARY,ACH-000701,RMUG-S
KLE_ENDOMETRIUM,ACH-000293,KLE
HS895T_FIBROBLAST,ACH-000043,Hs 895.T
LN229_CENTRAL_NERVOUS_SYSTEM,ACH-000595,LN-229
P31FUJ_HAEMATOPOIETIC_AND_LYMPHOID_TISSUE,ACH-000770,P31/FUJ
RKN_SOFT_TISSUE,ACH-000505,RKN
PATU8988S_PANCREAS,ACH-000022,PA-TU-8988S
NH6_AUTONOMIC_GANGLIA,ACH-000203,NH-6
SF126_CENTRAL_NERVOUS_SYSTEM,ACH-000609,SF126
RERFLCAD2_LUNG,ACH-000774,RERF-LC-Ad2
OUMS23_LARGE_INTESTINE,ACH-000296,OUMS-23
SNGM_ENDOMETRIUM,ACH-000974,SNG-M
OUMS27_BONE,ACH-001150,OUMS-27
PL45_PANCREAS,ACH-001171,PL45
NCIH2347_LUNG,ACH-000875,NCI-H2347
SW1990_PANCREAS,ACH-000155,SW 1990
HS940T_FIBROBLAST,ACH-000135,Hs 940.T
HS611T_HAEMATOPOIETIC_AND_LYMPHOID_TISSUE,ACH-000069,Hs 611.T
TOLEDO_HAEMATOPOIETIC_AND_LYMPHOID_TISSUE,ACH-000285,Toledo
RERFGC1B_STOMACH,ACH-000144,RERF-GC-1B
HT1080_SOFT_TISSUE,ACH-000054,HT-1080
NCIH2087_LUNG,ACH-000841,NCI-H2087
COV318_OVARY,ACH-000256,COV318
NCIH2085_LUNG,ACH-000451,NCI-H2085
NCIH510_LUNG,ACH-000871,NCI-H510
CAKI1_KIDNEY,ACH-000433,Caki-1
NCIH716_LARGE_INTESTINE,ACH-000491,NCI-H716
NCIH2066_LUNG,ACH-000727,NCI-H2066
NCIH1341_LUNG,ACH-000129,NCI-H1341
NCIH2029_LUNG,ACH-000298,NCI-H2029
C3A_LIVER,ACH-001021,C3A
SW480_LARGE_INTESTINE,ACH-000842,SW480
HS746T_STOMACH,ACH-000616,Hs 746T
LU65_LUNG,ACH-000438,LU65
HS739T_FIBROBLAST,ACH-000413,Hs 739.T
SNUC2A_LARGE_INTESTINE,ACH-000967,SNU-C2A
HEC151_ENDOMETRIUM,ACH-000972,HEC-151
MSTO211H_PLEURA,ACH-000335,MSTO-211H
RAJI_HAEMATOPOIETIC_AND_LYMPHOID_TISSUE,ACH-000654,Raji
SKMEL1_SKIN,ACH-000465,SK-MEL-1
SUPT1_HAEMATOPOIETIC_AND_LYMPHOID_TISSUE,ACH-000953,SUP-T1
JHH7_LIVER,ACH-000848,JHH-7
HUT102_HAEMATOPOIETIC_AND_LYMPHOID_TISSUE,ACH-000612,HuT 102
5637_URINARY_TRACT,ACH-000905,5637
HCC38_BREAST,ACH-000276,HCC38
DU4475_BREAST,ACH-000258,DU4475
NCIH1573_LUNG,ACH-000916,NCI-H1573
NCIH508_LARGE_INTESTINE,ACH-000360,NCI-H508
NCIH1651_LUNG,ACH-000893,NCI-H1651
SKUT1_SOFT_TISSUE,ACH-000939,SK-UT-1
MDAMB175VII_BREAST,ACH-000759,MDA-MB-175-VII
SUPB15_HAEMATOPOIETIC_AND_LYMPHOID_TISSUE,ACH-000059,SUP-B15
BECKER_CENTRAL_NERVOUS_SYSTEM,ACH-001016,Becker
NCIH226_LUNG,ACH-000367,NCI-H226
NCIH1666_LUNG,ACH-000448,NCI-H1666
SW1783_CENTRAL_NERVOUS_SYSTEM,ACH-000883,SW 1783
ISTMES1_PLEURA,ACH-000569,IST-MES1
NCIH1734_LUNG,ACH-000675,NCI-H1734
NCIH2342_LUNG,ACH-000951,NCI-H2342
EBC1_LUNG,ACH-000563,EBC-1
YMB1_BREAST,ACH-001249,YMB-1
OC316_OVARY,ACH-001145,OC 316
HS936T_SKIN,ACH-000801,Hs 936.T
T173_FIBROBLAST,ACH-000529,T1-73
NCIH322_LUNG,ACH-000837,NCI-H322
HS618T_FIBROBLAST,ACH-000539,Hs 618.T
HS870T_FIBROBLAST,ACH-000340,Hs 870.T
HS706T_BONE,ACH-000071,Hs 706.T
PANC1_PANCREAS,ACH-000164,PANC-1
NCIH2291_LUNG,ACH-000718,NCI-H2291
T47D_BREAST,ACH-000147,T-47D
HS742T_FIBROBLAST,ACH-000230,Hs 742.T
BICR56_UPPER_AERODIGESTIVE_TRACT,ACH-000771,BICR 56
BICR16_UPPER_AERODIGESTIVE_TRACT,ACH-000503,BICR 16
TE10_OESOPHAGUS,ACH-000318,TE-10
SKMEL28_SKIN,ACH-000615,SK-MEL-28
BICR6_UPPER_AERODIGESTIVE_TRACT,ACH-000415,BICR 6
BHY_UPPER_AERODIGESTIVE_TRACT,ACH-000548,BHY
AZ521_SMALL_INTESTINE,ACH-001015,AZ-521
SH4_SKIN,ACH-000441,SH-4
KPL1_BREAST,ACH-000028,KPL-1
CGTHW1_THYROID,ACH-001023,CGTH-W-1
TUHR4TKB_KIDNEY,ACH-000495,TUHR4TKB
LS123_LARGE_INTESTINE,ACH-000501,LS123
HEL_HAEMATOPOIETIC_AND_LYMPHOID_TISSUE,ACH-000004,HEL
HPAC_PANCREAS,ACH-000270,HPAC
RCC10RGB_KIDNEY,ACH-000189,RCC10RGB
JHOM1_OVARY,ACH-000237,JHOM-1
SU8686_PANCREAS,ACH-000114,SU.86.86
HCC33_LUNG,ACH-000515,HCC-33
TE6_OESOPHAGUS,ACH-000605,TE-6
JHOC5_OVARY,ACH-000324,JHOC-5
ACCMESO1_PLEURA,ACH-000086,ACC-MESO-1
BL41_HAEMATOPOIETIC_AND_LYMPHOID_TISSUE,ACH-000245,BL-41
SNU1214_UPPER_AERODIGESTIVE_TRACT,ACH-000715,SNU-1214
CORL105_LUNG,ACH-000161,COR-L105
LMSU_STOMACH,ACH-000255,LMSU
SNU1197_LARGE_INTESTINE,ACH-000412,SNU-1197
COLO668_LUNG,ACH-000803,COLO 668
OSRC2_KIDNEY,ACH-000159,OS-RC-2
HUH6_LIVER,ACH-000671,HuH-6
PANC0203_PANCREAS,ACH-000042,Panc 02.03
CJM_SKIN,ACH-000458,CJM
BICR22_UPPER_AERODIGESTIVE_TRACT,ACH-000794,BICR 22
SHSY5Y_AUTONOMIC_GANGLIA,ACH-001188,SH-SY5Y
TM31_CENTRAL_NERVOUS_SYSTEM,ACH-000592,TM-31
SNU1272_KIDNEY,ACH-000513,SNU-1272
KPNRTBM1_AUTONOMIC_GANGLIA,ACH-000345,KP-N-RT-BM-1
BICR18_UPPER_AERODIGESTIVE_TRACT,ACH-000992,BICR 18
TE4_OESOPHAGUS,ACH-000917,TE-4
PCM6_HAEMATOPOIETIC_AND_LYMPHOID_TISSUE,ACH-001162,PCM6
ECC10_STOMACH,ACH-000560,ECC10
TUHR14TKB_KIDNEY,ACH-000317,TUHR14TKB
YD15_SALIVARY_GLAND,ACH-000836,YD-15
UBLC1_URINARY_TRACT,ACH-000741,U-BLC1
ECGI10_OESOPHAGUS,ACH-000305,EC-GI-10
CW2_LARGE_INTESTINE,ACH-000998,CW-2
SNU761_LIVER,ACH-000537,SNU-761
SNU61_LARGE_INTESTINE,ACH-000532,SNU-61
NCIH1915_LUNG,ACH-000434,NCI-H1915
SNU324_PANCREAS,ACH-000933,SNU-324
YD10B_UPPER_AERODIGESTIVE_TRACT,ACH-000723,YD-10B
HCC2279_LUNG,ACH-000731,HCC-2279
HLC1_LUNG,ACH-001088,HLC-1
TUHR10TKB_KIDNEY,ACH-000459,TUHR10TKB
HEC1B_ENDOMETRIUM,ACH-000941,HEC-1-B
VMRCLCP_LUNG,ACH-001234,VMRC-LCP
TGBC11TKB_STOMACH,ACH-000949,TGBC11TKB
OVK18_OVARY,ACH-000947,OVK18
SNU1077_ENDOMETRIUM,ACH-000302,SNU-1077
HCC1588_LUNG,ACH-001078,HCC-1588
SNU213_PANCREAS,ACH-000266,SNU-213
HT115_LARGE_INTESTINE,ACH-000986,HT115
TE14_OESOPHAGUS,ACH-000726,TE-14
TE8_OESOPHAGUS,ACH-000452,TE-8
SNU520_STOMACH,ACH-000908,SNU-520
JHUEM3_ENDOMETRIUM,ACH-000173,JHUEM-3
LI7_LIVER,ACH-000471,Li-7
NCIH838_LUNG,ACH-000416,NCI-H838
SNU119_OVARY,ACH-000635,SNU-119
SNU1033_LARGE_INTESTINE,ACH-000286,SNU-1033
SNUC5_LARGE_INTESTINE,ACH-000970,SNU-C5
GSS_STOMACH,ACH-000746,GSS
TALL1_HAEMATOPOIETIC_AND_LYMPHOID_TISSUE,ACH-000197,TALL-1
HCC1171_LUNG,ACH-000578,HCC-1171
SNUC4_LARGE_INTESTINE,ACH-000959,SNU-C4
U138MG_CENTRAL_NERVOUS_SYSTEM,ACH-001214,U-138 MG
SNU620_STOMACH,ACH-000325,SNU-620
ECC12_STOMACH,ACH-000225,ECC12
GSU_STOMACH,ACH-000485,GSU
KMS18_HAEMATOPOIETIC_AND_LYMPHOID_TISSUE,ACH-000658,KMS-18
JHOM2B_OVARY,ACH-000333,JHOM-2B
MDAMB231_BREAST,ACH-000768,MDA-MB-231
OV90_OVARY,ACH-000291,OV-90
RS411_HAEMATOPOIETIC_AND_LYMPHOID_TISSUE,ACH-000874,RS4;11
OVTOKO_OVARY,ACH-000663,OVTOKO
OVCAR4_OVARY,ACH-000617,OVCAR-4
HLF_LIVER,ACH-000393,HLF
HCT15_LARGE_INTESTINE,ACH-000997,HCT-15
SW1463_LARGE_INTESTINE,ACH-000470,SW1463
SF295_CENTRAL_NERVOUS_SYSTEM,ACH-000376,SF-295
WM115_SKIN,ACH-000304,WM-115
JHH4_LIVER,ACH-000476,JHH-4
OE33_OESOPHAGUS,ACH-000383,OE33
CCK81_LARGE_INTESTINE,ACH-000963,CCK-81
JHH1_LIVER,ACH-000620,JHH-1
SJSA1_BONE,ACH-000748,SJSA-1
NCIH2228_LUNG,ACH-000447,NCI-H2228
RERFLCAI_LUNG,ACH-000261,RERF-LC-AI
SKMES1_LUNG,ACH-000665,SK-MES-1
NCIH520_LUNG,ACH-000395,NCI-H520
JHH5_LIVER,ACH-000734,JHH-5
FU97_STOMACH,ACH-000633,FU97
COLO800_SKIN,ACH-000401,COLO-800
NCIH1963_LUNG,ACH-000729,NCI-H1963
RL952_ENDOMETRIUM,ACH-000965,RL95-2
J82_URINARY_TRACT,ACH-000396,J82
HCC15_LUNG,ACH-000878,HCC-15
M059K_CENTRAL_NERVOUS_SYSTEM,ACH-000152,M059K
CALU6_LUNG,ACH-000264,Calu-6
SKLU1_LUNG,ACH-000309,SK-LU-1
SW900_LUNG,ACH-000669,SW 900
UACC62_SKIN,ACH-000425,UACC-62
MFE280_ENDOMETRIUM,ACH-000192,MFE-280
MFE319_ENDOMETRIUM,ACH-000988,MFE-319
MFE296_ENDOMETRIUM,ACH-000879,MFE-296
GOS3_CENTRAL_NERVOUS_SYSTEM,ACH-000027,GOS-3
GI1_CENTRAL_NERVOUS_SYSTEM,ACH-000756,GI-1
PC14_LUNG,ACH-000030,PC-14
KYSE410_OESOPHAGUS,ACH-000809,KYSE-410
A204_SOFT_TISSUE,ACH-000201,A-204
PATU8902_PANCREAS,ACH-000599,PA-TU-8902
NCIH810_LUNG,ACH-000789,NCI-H810
RERFLCMS_LUNG,ACH-000062,RERF-LC-MS
L1236_HAEMATOPOIETIC_AND_LYMPHOID_TISSUE,ACH-000702,L-1236
DANG_PANCREAS,ACH-000243,DAN-G
NCIH460_LUNG,ACH-000463,NCI-H460
KYSE140_OESOPHAGUS,ACH-000823,KYSE-140
KYSE180_OESOPHAGUS,ACH-000693,KYSE-180
HUPT3_PANCREAS,ACH-000118,HUP-T3
EFE184_ENDOMETRIUM,ACH-000435,EFE-184
GCIY_STOMACH,ACH-000047,GCIY
SH10TC_STOMACH,ACH-000764,SH-10-TC
CAOV4_OVARY,ACH-000103,Caov-4
HCC2218_BREAST,ACH-000755,HCC2218
KMS21BM_HAEMATOPOIETIC_AND_LYMPHOID_TISSUE,ACH-000598,KMS-21BM
KMS26_HAEMATOPOIETIC_AND_LYMPHOID_TISSUE,ACH-000588,KMS-26
KMS27_HAEMATOPOIETIC_AND_LYMPHOID_TISSUE,ACH-000576,KMS-27
KO52_HAEMATOPOIETIC_AND_LYMPHOID_TISSUE,ACH-000498,KO52
KMS28BM_HAEMATOPOIETIC_AND_LYMPHOID_TISSUE,ACH-000419,KMS-28BM
KNS60_CENTRAL_NERVOUS_SYSTEM,ACH-000445,KNS-60
KNS81_CENTRAL_NERVOUS_SYSTEM,ACH-000479,KNS-81
KPNSI9S_AUTONOMIC_GANGLIA,ACH-000446,KP-N-SI9s
LU99_LUNG,ACH-000444,LU99
KMS34_HAEMATOPOIETIC_AND_LYMPHOID_TISSUE,ACH-000541,KMS-34
MKN1_STOMACH,ACH-000351,MKN1
MKN74_STOMACH,ACH-000758,MKN74
KP3_PANCREAS,ACH-000108,KP-3
NCO2_HAEMATOPOIETIC_AND_LYMPHOID_TISSUE,ACH-000076,NCO2
KHM1B_HAEMATOPOIETIC_AND_LYMPHOID_TISSUE,ACH-000564,KHM-1B
HSC2_UPPER_AERODIGESTIVE_TRACT,ACH-000472,HSC-2
KG1C_CENTRAL_NERVOUS_SYSTEM,ACH-000126,KG-1-C
HUH7_LIVER,ACH-000480,HuH-7
KMBC2_URINARY_TRACT,ACH-000862,KMBC-2
KMRC20_KIDNEY,ACH-000250,KMRC-20
HUCCT1_BILIARY_TRACT,ACH-000976,HuCCT1
KIJK_HAEMATOPOIETIC_AND_LYMPHOID_TISSUE,ACH-000773,Ki-JK
A4FUK_HAEMATOPOIETIC_AND_LYMPHOID_TISSUE,ACH-000157,A4/Fuk
KALS1_CENTRAL_NERVOUS_SYSTEM,ACH-000231,KALS-1
HEC108_ENDOMETRIUM,ACH-000990,HEC-108
HEL9217_HAEMATOPOIETIC_AND_LYMPHOID_TISSUE,ACH-000005,HEL 92.1.7
HUH28_BILIARY_TRACT,ACH-000808,HuH28
CMK115_HAEMATOPOIETIC_AND_LYMPHOID_TISSUE,ACH-001036,CMK-11-5
HEC265_ENDOMETRIUM,ACH-000946,HEC-265
CAL12T_LUNG,ACH-000826,CAL-12T
THP1_HAEMATOPOIETIC_AND_LYMPHOID_TISSUE,ACH-000146,THP-1
A3KAW_HAEMATOPOIETIC_AND_LYMPHOID_TISSUE,ACH-000697,A3/KAW
SKNSH_AUTONOMIC_GANGLIA,ACH-000149,SK-N-SH
HCC1954_BREAST,ACH-000859,HCC1954
CAMA1_BREAST,ACH-000783,CAMA-1
HEC6_ENDOMETRIUM,ACH-000984,HEC-6
AM38_CENTRAL_NERVOUS_SYSTEM,ACH-000269,AM-38
HEC50B_ENDOMETRIUM,ACH-000831,HEC-50B
HSC3_UPPER_AERODIGESTIVE_TRACT,ACH-000778,HSC-3
HSC4_UPPER_AERODIGESTIVE_TRACT,ACH-000546,HSC-4
KMS11_HAEMATOPOIETIC_AND_LYMPHOID_TISSUE,ACH-000714,KMS-11
KP4_PANCREAS,ACH-000265,KP4
KE39_STOMACH,ACH-000507,KE-39
COV504_OVARY,ACH-001048,COV504
KE97_HAEMATOPOIETIC_AND_LYMPHOID_TISSUE,ACH-000167,KE-97
VMRCRCW_KIDNEY,ACH-000484,VMRC-RCW
HGC27_STOMACH,ACH-000847,HGC-27
LUDLU1_LUNG,ACH-000390,LUDLU-1
HUG1N_STOMACH,ACH-000239,HuG1-N
U266B1_HAEMATOPOIETIC_AND_LYMPHOID_TISSUE,ACH-000626,U266B1
NUGC4_STOMACH,ACH-000674,NUGC-4
BGC823_STOMACH,ACH-001017,BGC-823
HMC18_BREAST,ACH-000721,HMC-1-8
CAS1_CENTRAL_NERVOUS_SYSTEM,ACH-000464,CAS-1
KMM1_HAEMATOPOIETIC_AND_LYMPHOID_TISSUE,ACH-000889,KMM-1
CORL23_LUNG,ACH-000662,COR-L23
MORCPR_LUNG,ACH-000851,MOR/CPR
HARA_LUNG,ACH-000843,HARA
SKOV3_OVARY,ACH-000811,SK-OV-3
HPAFII_PANCREAS,ACH-000094,HPAF-II
MC116_HAEMATOPOIETIC_AND_LYMPHOID_TISSUE,ACH-000583,MC116
NCIH1568_LUNG,ACH-000869,NCI-H1568
CA46_HAEMATOPOIETIC_AND_LYMPHOID_TISSUE,ACH-000440,CA46
A498_KIDNEY,ACH-000555,A-498
BCP1_HAEMATOPOIETIC_AND_LYMPHOID_TISSUE,ACH-000923,BCP-1
A673_BONE,ACH-000052,A-673
AU565_BREAST,ACH-000248,AU565
COLO201_LARGE_INTESTINE,ACH-000253,COLO 201
CAPAN1_PANCREAS,ACH-000354,Capan-1
NCIH1563_LUNG,ACH-000892,NCI-H1563
NCIH358_LUNG,ACH-000860,NCI-H358
CFPAC1_PANCREAS,ACH-000138,CFPAC-1
NIHOVCAR3_OVARY,ACH-000001,NIH:OVCAR-3
NCIH1650_LUNG,ACH-000035,NCI-H1650
NCIH1793_LUNG,ACH-000888,NCI-H1793
NCIH1437_LUNG,ACH-000589,NCI-H1437
KNS62_LUNG,ACH-000858,KNS-62
HS578T_BREAST,ACH-000148,Hs 578T
BT20_BREAST,ACH-000536,BT-20
SNU182_LIVER,ACH-000483,SNU-182
SKNMC_BONE,ACH-000039,SK-N-MC
HH_HAEMATOPOIETIC_AND_LYMPHOID_TISSUE,ACH-000061,HH
FADU_UPPER_AERODIGESTIVE_TRACT,ACH-000846,FaDu
SJRH30_SOFT_TISSUE,ACH-001189,SJRH30
MDAMB361_BREAST,ACH-000934,MDA-MB-361
MDAMB436_BREAST,ACH-000573,MDA-MB-436
PANC0213_PANCREAS,ACH-000031,Panc 02.13
DB_HAEMATOPOIETIC_AND_LYMPHOID_TISSUE,ACH-000334,DB
RDES_BONE,ACH-000041,RD-ES
CAL27_UPPER_AERODIGESTIVE_TRACT,ACH-000832,CAL 27
MESSA_SOFT_TISSUE,ACH-000449,MES-SA
SW1271_LUNG,ACH-000890,SW 1271
NCIH1792_LUNG,ACH-000496,NCI-H1792
GCT_SOFT_TISSUE,ACH-000835,GCT
SKBR3_BREAST,ACH-000017,SK-BR-3
SNU16_STOMACH,ACH-000581,SNU-16
NCIH82_LUNG,ACH-000355,NCI-H82
NCIN87_STOMACH,ACH-000427,NCI-N87
U2OS_BONE,ACH-000364,U-2 OS
H4_CENTRAL_NERVOUS_SYSTEM,ACH-000389,H4
GDM1_HAEMATOPOIETIC_AND_LYMPHOID_TISSUE,ACH-000081,GDM-1
HCC1143_BREAST,ACH-000374,HCC1143
T24_URINARY_TRACT,ACH-000018,T24
G401_SOFT_TISSUE,ACH-000096,G-401
HCC1937_BREAST,ACH-000223,HCC1937
HCC1569_BREAST,ACH-000930,HCC1569
OCUM1_STOMACH,ACH-000247,OCUM-1
SAOS2_BONE,ACH-000410,Saos-2
D283MED_CENTRAL_NERVOUS_SYSTEM,ACH-000055,D283 Med
SCC9_UPPER_AERODIGESTIVE_TRACT,ACH-000181,SCC-9
HCC1395_BREAST,ACH-000699,HCC1395
NMCG1_CENTRAL_NERVOUS_SYSTEM,ACH-000200,NMC-G1
TEN_ENDOMETRIUM,ACH-000397,TEN
HS604T_FIBROBLAST,ACH-001093,Hs 604.T
TE9_OESOPHAGUS,ACH-000694,TE-9
KNS42_CENTRAL_NERVOUS_SYSTEM,ACH-000622,KNS-42
KYSE520_OESOPHAGUS,ACH-000637,KYSE-520
KYSE270_OESOPHAGUS,ACH-000873,KYSE-270
JHUEM1_ENDOMETRIUM,ACH-000928,JHUEM-1
YH13_CENTRAL_NERVOUS_SYSTEM,ACH-000469,YH-13
IALM_LUNG,ACH-000672,IA-LM
NCIH2052_PLEURA,ACH-000153,NCI-H2052
EB2_HAEMATOPOIETIC_AND_LYMPHOID_TISSUE,ACH-001064,EB2
SKNFI_AUTONOMIC_GANGLIA,ACH-000341,SK-N-FI
SKNAS_AUTONOMIC_GANGLIA,ACH-000260,SK-N-AS
GA10_HAEMATOPOIETIC_AND_LYMPHOID_TISSUE,ACH-000162,GA-10
SNU398_LIVER,ACH-000221,SNU-398
SNU423_LIVER,ACH-000493,SNU-423
SCC4_UPPER_AERODIGESTIVE_TRACT,ACH-000238,SCC-4
EB1_HAEMATOPOIETIC_AND_LYMPHOID_TISSUE,ACH-000877,EB1
HCC1187_BREAST,ACH-000111,HCC1187
SNU387_LIVER,ACH-000478,SNU-387
DAUDI_HAEMATOPOIETIC_AND_LYMPHOID_TISSUE,ACH-000786,Daudi
HT_HAEMATOPOIETIC_AND_LYMPHOID_TISSUE,ACH-000914,HT
MJ_HAEMATOPOIETIC_AND_LYMPHOID_TISSUE,ACH-000077,MJ
JM1_HAEMATOPOIETIC_AND_LYMPHOID_TISSUE,ACH-000151,JM1
C2BBE1_LARGE_INTESTINE,ACH-000009,C2BBe1
SKES1_BONE,ACH-000087,SK-ES-1
EPLC272H_LUNG,ACH-000585,EPLC-272H
BXPC3_PANCREAS,ACH-000535,BxPC-3
NCIH1355_LUNG,ACH-000666,NCI-H1355
SNU5_STOMACH,ACH-000303,SNU-5
SNU475_LIVER,ACH-000422,SNU-475
HEC251_ENDOMETRIUM,ACH-000996,HEC-251
HCC95_LUNG,ACH-000454,HCC-95
253J_URINARY_TRACT,ACH-000011,253J
HCC1438_LUNG,ACH-000891,HCC-1438
253JBV_URINARY_TRACT,ACH-000026,253J-BV
RPMI7951_SKIN,ACH-000348,RPMI-7951
SNU1066_UPPER_AERODIGESTIVE_TRACT,ACH-000682,SNU-1066
SNU1041_UPPER_AERODIGESTIVE_TRACT,ACH-000618,SNU-1041
HCC2108_LUNG,ACH-000314,HCC-2108
COLO783_SKIN,ACH-000812,COLO-783
HCC1359_LUNG,ACH-000901,HCC-1359
BICR31_UPPER_AERODIGESTIVE_TRACT,ACH-000228,BICR 31
COV362_OVARY,ACH-000278,COV362
COLO792_SKIN,ACH-000968,COLO 792
COV434_OVARY,ACH-000123,COV434
WM983B_SKIN,ACH-000765,WM-983B
HS751T_FIBROBLAST,ACH-000165,Hs 751.T
LS513_LARGE_INTESTINE,ACH-000007,LS513
NCIH2110_LUNG,ACH-000929,NCI-H2110
CHAGOK1_LUNG,ACH-000867,ChaGo-K-1
DMS454_LUNG,ACH-000844,DMS 454
CORL47_LUNG,ACH-000695,COR-L47
FTC238_THYROID,ACH-000897,FTC-238
DMS273_LUNG,ACH-000749,DMS 273
FTC133_THYROID,ACH-000903,FTC-133
CORL311_LUNG,ACH-000187,COR-L311
NCIH2286_LUNG,ACH-000912,NCI-H2286
NCIH1339_LUNG,ACH-000921,NCI-H1339
WM793_SKIN,ACH-000827,WM-793
A704_KIDNEY,ACH-000429,A-704
MDAMB435S_SKIN,ACH-000884,MDA-MB-435S
WM1799_SKIN,ACH-000661,WM1799
MEWO_SKIN,ACH-000987,MeWo
WM88_SKIN,ACH-000899,WM-88
NCIH2081_LUNG,ACH-000394,NCI-H2081
HS255T_FIBROBLAST,ACH-000199,Hs 255.T
NCIH1092_LUNG,ACH-000514,NCI-H1092
SW837_LARGE_INTESTINE,ACH-000421,SW837
JHH6_LIVER,ACH-000217,JHH-6
IGR1_SKIN,ACH-000882,IGR-1
NCIH1105_LUNG,ACH-000780,NCI-H1105
NCIH1436_LUNG,ACH-000830,NCI-H1436
NCIH1876_LUNG,ACH-000586,NCI-H1876
CORL24_LUNG,ACH-000382,COR-L24
COV644_OVARY,ACH-000608,COV644
GP2D_LARGE_INTESTINE,ACH-000982,GP2d
PECAPJ15_UPPER_AERODIGESTIVE_TRACT,ACH-000619,PE/CA-PJ15
CORL88_LUNG,ACH-000508,COR-L88
CORL95_LUNG,ACH-000743,COR-L95
PECAPJ49_UPPER_AERODIGESTIVE_TRACT,ACH-000735,PE/CA-PJ49
PECAPJ34CLONEC12_UPPER_AERODIGESTIVE_TRACT,ACH-000606,PE/CA-PJ34 (clone C12)
CORL51_LUNG,ACH-001047,COR-L51
RT11284_URINARY_TRACT,ACH-001183,RT112/84
PECAPJ41CLONED2_UPPER_AERODIGESTIVE_TRACT,ACH-000732,PE/CA-PJ41 (clone D2)
OV7_OVARY,ACH-000688,OV7
HT55_LARGE_INTESTINE,ACH-000926,HT55
OAW42_OVARY,ACH-000704,OAW42
MDST8_LARGE_INTESTINE,ACH-000935,MDST8
OAW28_OVARY,ACH-000116,OAW28
SUIT2_PANCREAS,ACH-000652,SUIT-2
LC1SQSF_LUNG,ACH-001113,LC-1/sq-SF
KASUMI1_HAEMATOPOIETIC_AND_LYMPHOID_TISSUE,ACH-000263,KASUMI-1
SUPM2_HAEMATOPOIETIC_AND_LYMPHOID_TISSUE,ACH-000226,SUP-M2
SKHEP1_LIVER,ACH-000361,SK-HEP-1
OVCAR8_OVARY,ACH-000696,OVCAR-8
NCIH2172_LUNG,ACH-000924,NCI-H2172
ISHIKAWAHERAKLIO02ER_ENDOMETRIUM,ACH-000961,Ishikawa (Heraklio) 02 ER-
NCIH596_LUNG,ACH-000628,NCI-H596
NCIH650_LUNG,ACH-000945,NCI-H650
SW1573_LUNG,ACH-000677,SW 1573
OVMANA_OVARY,ACH-000646,OVMANA
SKCO1_LARGE_INTESTINE,ACH-000400,SK-CO-1
KARPAS299_HAEMATOPOIETIC_AND_LYMPHOID_TISSUE,ACH-000053,KARPAS-299
YAPC_PANCREAS,ACH-000332,YAPC
HT1197_URINARY_TRACT,ACH-000547,HT-1197
A253_SALIVARY_GLAND,ACH-000740,A-253
HCC366_LUNG,ACH-000840,HCC-366
DKMG_CENTRAL_NERVOUS_SYSTEM,ACH-000244,DK-MG
SNU349_KIDNEY,ACH-000907,SNU-349
UMUC1_URINARY_TRACT,ACH-000834,UM-UC-1
NAMALWA_HAEMATOPOIETIC_AND_LYMPHOID_TISSUE,ACH-000944,NAMALWA
NCIH292_LUNG,ACH-001075,NCI-H292
59M_OVARY,ACH-000520,59M
U118MG_CENTRAL_NERVOUS_SYSTEM,ACH-000040,U-118 MG
VMRCLCD_LUNG,ACH-001233,VMRC-LCD
HCC1833_LUNG,ACH-000712,HCC-1833
RH30_SOFT_TISSUE,ACH-000833,RH-30
TCCSUP_URINARY_TRACT,ACH-000720,TCCSUP
SNU601_STOMACH,ACH-000736,SNU-601
CAL33_UPPER_AERODIGESTIVE_TRACT,ACH-000518,CAL-33
SNU668_STOMACH,ACH-000344,SNU-668
CORL279_LUNG,ACH-000257,COR-L279
GB1_CENTRAL_NERVOUS_SYSTEM,ACH-000738,GB-1
KURAMOCHI_OVARY,ACH-000524,KURAMOCHI
COLO775_HAEMATOPOIETIC_AND_LYMPHOID_TISSUE,ACH-001043,COLO 775
COLO684_ENDOMETRIUM,ACH-000864,COLO 684
KLM1_PANCREAS,ACH-001101,KLM-1
GRM_SKIN,ACH-001072,GR-M
SNU685_ENDOMETRIUM,ACH-000407,SNU-685
CMK86_HAEMATOPOIETIC_AND_LYMPHOID_TISSUE,ACH-001037,CMK-86
SNU886_LIVER,ACH-000316,SNU-886
HCT8_LARGE_INTESTINE,ACH-001084,HCT-8
NCCSTCK140_STOMACH,ACH-000110,NCC-StC-K140
NCIH3255_LUNG,ACH-000109,NCI-H3255
SNU719_STOMACH,ACH-000898,SNU-719
SNU489_CENTRAL_NERVOUS_SYSTEM,ACH-000543,SNU-489
SNU81_LARGE_INTESTINE,ACH-000991,SNU-81
A2058_SKIN,ACH-000788,A2058
HTK_HAEMATOPOIETIC_AND_LYMPHOID_TISSUE,ACH-001094,HTK-
SNU1040_LARGE_INTESTINE,ACH-000999,SNU-1040
SNU1076_UPPER_AERODIGESTIVE_TRACT,ACH-000549,SNU-1076
SNU175_LARGE_INTESTINE,ACH-000989,SNU-175
SNU407_LARGE_INTESTINE,ACH-000955,SNU-407
SNU201_CENTRAL_NERVOUS_SYSTEM,ACH-000623,SNU-201
KMS20_HAEMATOPOIETIC_AND_LYMPHOID_TISSUE,ACH-000426,KMS-20
SNU216_STOMACH,ACH-000466,SNU-216
SNU1196_BILIARY_TRACT,ACH-000461,SNU-1196
SNU1079_BILIARY_TRACT,ACH-000209,SNU-1079
HCC1195_LUNG,ACH-000868,HCC-1195
NCIH854_LUNG,ACH-000710,NCI-H854
SNU466_CENTRAL_NERVOUS_SYSTEM,ACH-000289,SNU-466
YD38_UPPER_AERODIGESTIVE_TRACT,ACH-000762,YD-38
SNU1105_CENTRAL_NERVOUS_SYSTEM,ACH-000368,SNU-1105
SNU283_LARGE_INTESTINE,ACH-000708,SNU-283
SNU46_UPPER_AERODIGESTIVE_TRACT,ACH-000500,SNU-46
SNU308_BILIARY_TRACT,ACH-000141,SNU-308
YD8_UPPER_AERODIGESTIVE_TRACT,ACH-000630,YD-8
SNU245_BILIARY_TRACT,ACH-000268,SNU-245
SNU478_BILIARY_TRACT,ACH-000377,SNU-478
SNU410_PANCREAS,ACH-000517,SNU-410
SNU899_UPPER_AERODIGESTIVE_TRACT,ACH-000692,SNU-899
SNU503_LARGE_INTESTINE,ACH-000683,SNU-503
SET2_HAEMATOPOIETIC_AND_LYMPHOID_TISSUE,ACH-000195,Set-2
SNU738_CENTRAL_NERVOUS_SYSTEM,ACH-000807,SNU-738
SNU626_CENTRAL_NERVOUS_SYSTEM,ACH-000370,SNU-626
SNU869_BILIARY_TRACT,ACH-000182,SNU-869
SNU878_LIVER,ACH-000686,SNU-878
SNU840_OVARY,ACH-000280,SNU-840
SNU8_OVARY,ACH-000460,SNU-8
NCIH684_LIVER,ACH-000089,NCI-H684
IGR39_SKIN,ACH-000550,IGR-39
DAOY_CENTRAL_NERVOUS_SYSTEM,ACH-000211,Daoy
HEP3B217_LIVER,ACH-000625,Hep 3B2.1-7
KYM1_SOFT_TISSUE,ACH-000607,KYM-1
LC1F_LUNG,ACH-000705,LC-1F
HLE_LIVER,ACH-001089,HLE
CMK_HAEMATOPOIETIC_AND_LYMPHOID_TISSUE,ACH-000641,CMK
JMSU1_URINARY_TRACT,ACH-000753,JMSU-1
IMR32_AUTONOMIC_GANGLIA,ACH-000310,IMR-32
SUDHL8_HAEMATOPOIETIC_AND_LYMPHOID_TISSUE,ACH-000656,SU-DHL-8
T3M4_PANCREAS,ACH-000085,T3M-4
COLO818_SKIN,ACH-001044,COLO-818
PK45H_PANCREAS,ACH-000468,PK-45H
HEC59_ENDOMETRIUM,ACH-000994,HEC-59
CPCN_LUNG,ACH-001049,CPC-N
T3M10_LUNG,ACH-000813,T3M-10
NUGC2_STOMACH,ACH-000761,NUGC-2
PLCPRF5_LIVER,ACH-001318,PLC/PRF/5
KPNYN_AUTONOMIC_GANGLIA,ACH-000227,KP-N-YN
CCFSTTG1_CENTRAL_NERVOUS_SYSTEM,ACH-000329,CCF-STTG1
NCIH929_HAEMATOPOIETIC_AND_LYMPHOID_TISSUE,ACH-000050,NCI-H929
KMRC3_KIDNEY,ACH-000313,KMRC-3
NCIH2023_LUNG,ACH-000781,NCI-H2023
DMS153_LUNG,ACH-000594,DMS 153
NCIH1048_LUNG,ACH-000866,NCI-H1048
D341MED_CENTRAL_NERVOUS_SYSTEM,ACH-000095,D341 Med
NCIH660_PROSTATE,ACH-000177,NCI-H660
NCIH1618_LUNG,ACH-000179,NCI-H1618
HS675T_FIBROBLAST,ACH-000214,Hs 675.T
PEER_HAEMATOPOIETIC_AND_LYMPHOID_TISSUE,ACH-000519,PEER
SKM1_HAEMATOPOIETIC_AND_LYMPHOID_TISSUE,ACH-000373,SKM-1
HT144_SKIN,ACH-000322,HT-144
SKMEL31_SKIN,ACH-000640,SK-MEL-31
HS839T_FIBROBLAST,ACH-000180,Hs 839.T
HS939T_SKIN,ACH-000814,Hs 939.T
OCILY3_HAEMATOPOIETIC_AND_LYMPHOID_TISSUE,ACH-000158,OCI-LY3
HS819T_FIBROBLAST,ACH-000224,Hs 819.T
NCIH69_LUNG,ACH-000358,NCI-H69
DV90_LUNG,ACH-000925,DV-90
ZR751_BREAST,ACH-000097,ZR-75-1
KG1_HAEMATOPOIETIC_AND_LYMPHOID_TISSUE,ACH-000386,KG-1
SKNBE2_AUTONOMIC_GANGLIA,ACH-000312,SK-N-BE(2)
HCC70_BREAST,ACH-000668,HCC70
NCIH2452_PLEURA,ACH-000092,NCI-H2452
SNU1_STOMACH,ACH-000932,SNU-1
LOUCY_HAEMATOPOIETIC_AND_LYMPHOID_TISSUE,ACH-000104,Loucy
HCC56_LARGE_INTESTINE,ACH-000467,HCC-56
NCIH1648_LUNG,ACH-000766,NCI-H1648
TO175T_FIBROBLAST,ACH-000125,TO 175.T
GLC82_LUNG,ACH-001071,GLC-82
MPP89_PLEURA,ACH-000319,MPP 89
PANC0813_PANCREAS,ACH-000417,Panc 08.13
MG63_BONE,ACH-000359,MG-63
PK1_PANCREAS,ACH-000307,PK-1
HS840T_FIBROBLAST,ACH-000284,Hs 840.T
NCIH23_LUNG,ACH-000900,NCI-H23
TE617T_SOFT_TISSUE,ACH-000051,TE 617.T
SW1088_CENTRAL_NERVOUS_SYSTEM,ACH-000437,SW 1088
ISTMES2_PLEURA,ACH-000331,IST-MES2
NCIH1373_LUNG,ACH-000845,NCI-H1373
NCIH1930_LUNG,ACH-000870,NCI-H1930
NCIH1623_LUNG,ACH-000744,NCI-H1623
HS229T_FIBROBLAST,ACH-000131,Hs 229.T
NCIH1838_LUNG,ACH-000733,NCI-H1838
NCIH1836_LUNG,ACH-000559,NCI-H1836
HS688AT_FIBROBLAST,ACH-000306,Hs 688(A).T
PANC0504_PANCREAS,ACH-000093,Panc 05.04
HS822T_FIBROBLAST,ACH-000229,Hs 822.T
BL70_HAEMATOPOIETIC_AND_LYMPHOID_TISSUE,ACH-000402,BL-70
CI1_HAEMATOPOIETIC_AND_LYMPHOID_TISSUE,ACH-000687,CI-1
G292CLONEA141B1_BONE,ACH-000082,"G-292, clone A141B1"
RCM1_LARGE_INTESTINE,ACH-000565,RCM-1
HS737T_FIBROBLAST,ACH-000185,Hs 737.T
HS616T_FIBROBLAST,ACH-000063,Hs 616.T
HS600T_FIBROBLAST,ACH-000240,Hs 600.T
TE159T_FIBROBLAST,ACH-000175,TE 159.T
A101D_SKIN,ACH-000008,A101D
NCIH1755_LUNG,ACH-000282,NCI-H1755
143B_BONE,ACH-001001,143B
RERFLCKJ_LUNG,ACH-000482,RERF-LC-KJ
NCIH1693_LUNG,ACH-000021,NCI-H1693
SW780_URINARY_TRACT,ACH-000384,SW 780
HS683_CENTRAL_NERVOUS_SYSTEM,ACH-000067,Hs 683
RKO_LARGE_INTESTINE,ACH-000943,RKO
HS729_SOFT_TISSUE,ACH-000133,Hs 729
JHOS2_OVARY,ACH-000132,JHOS-2
MCF7_BREAST,ACH-000019,MCF7
U937_HAEMATOPOIETIC_AND_LYMPHOID_TISSUE,ACH-000406,U-937
SKLMS1_SOFT_TISSUE,ACH-000145,SK-LMS-1
HUTU80_SMALL_INTESTINE,ACH-000538,HuTu 80
HCC202_BREAST,ACH-000725,HCC202
MEG01_HAEMATOPOIETIC_AND_LYMPHOID_TISSUE,ACH-000072,MEG-01
REH_HAEMATOPOIETIC_AND_LYMPHOID_TISSUE,ACH-000960,Reh
ONS76_CENTRAL_NERVOUS_SYSTEM,ACH-000776,ONS-76
RPMI6666_HAEMATOPOIETIC_AND_LYMPHOID_TISSUE,ACH-001182,RPMI 6666
SNUC1_LARGE_INTESTINE,ACH-000722,SNU-C1
SKNDZ_AUTONOMIC_GANGLIA,ACH-000366,SK-N-DZ
DMS114_LUNG,ACH-000530,DMS 114
TT_OESOPHAGUS,ACH-000561,
OCILY10_HAEMATOPOIETIC_AND_LYMPHOID_TISSUE,ACH-001146,OCI-LY10
ST486_HAEMATOPOIETIC_AND_LYMPHOID_TISSUE,ACH-000567,ST486
OC315_OVARY,ACH-001144,OC 315
OC314_OVARY,ACH-000962,OC 314
SW1353_BONE,ACH-000418,SW 1353
MDAMB157_BREAST,ACH-000621,MDA-MB-157
LN18_CENTRAL_NERVOUS_SYSTEM,ACH-000819,LN-18
769P_KIDNEY,ACH-000411,769-P
786O_KIDNEY,ACH-000649,786-O
CAOV3_OVARY,ACH-000713,Caov-3
HEPG2_LIVER,ACH-000739,Hep G2
MOLT4_HAEMATOPOIETIC_AND_LYMPHOID_TISSUE,ACH-001127,MOLT-4
NCIH524_LUNG,ACH-000816,NCI-H524
NCIH209_LUNG,ACH-000290,NCI-H209
MIAPACA2_PANCREAS,ACH-000601,MIA PaCa-2
MCAS_OVARY,ACH-000796,MCAS
SBC5_LUNG,ACH-000670,SBC-5
COLO829_SKIN,ACH-000644,COLO 829
VCAP_PROSTATE,ACH-000115,VCaP
COLO704_OVARY,ACH-001042,COLO-704
IPC298_SKIN,ACH-000915,IPC-298
CAPAN2_PANCREAS,ACH-000107,Capan-2
EFM192A_BREAST,ACH-000117,EFM-192A
HS766T_PANCREAS,ACH-000178,Hs 766T
EFO27_OVARY,ACH-000936,EFO-27
A2780_OVARY,ACH-000657,A2780
NCIH196_LUNG,ACH-000752,NCI-H196
IGROV1_OVARY,ACH-000966,IGROV1
NCIH889_LUNG,ACH-000297,NCI-H889
NCIH211_LUNG,ACH-000639,NCI-H211
HS571T_OVARY,ACH-001092,Hs 571.T
MDAPCA2B_PROSTATE,ACH-000952,MDA PCa 2b
SKMEL24_SKIN,ACH-000822,SK-MEL-24
K029AX_SKIN,ACH-000404,K029AX
HT1376_URINARY_TRACT,ACH-000724,HT-1376
NCIH2171_LUNG,ACH-000525,NCI-H2171
PANC1005_PANCREAS,ACH-000060,Panc 10.05
EVSAT_BREAST,ACH-001065,EVSA-T
HS695T_SKIN,ACH-000799,Hs 695T
CHL1_SKIN,ACH-001024,CHL-1
LOUNH91_LUNG,ACH-000176,LOU-NH91
LK2_LUNG,ACH-000769,LK-2
TOV21G_OVARY,ACH-000885,TOV-21G
SKMEL3_SKIN,ACH-000423,SK-MEL-3
ASPC1_PANCREAS,ACH-000222,AsPC-1
OVSAHO_OVARY,ACH-000409,OVSAHO
NCIH441_LUNG,ACH-000638,NCI-H441
RERFLCSQ1_LUNG,ACH-000442,RERF-LC-Sq1
NCIH2030_LUNG,ACH-000521,NCI-H2030
HMCB_SKIN,ACH-000931,HMCB
FUOV1_OVARY,ACH-000574,FU-OV-1
MALME3M_SKIN,ACH-000477,Malme-3M
KMS12BM_HAEMATOPOIETIC_AND_LYMPHOID_TISSUE,ACH-000380,KMS-12-BM
T98G_CENTRAL_NERVOUS_SYSTEM,ACH-000571,T98G
HL60_HAEMATOPOIETIC_AND_LYMPHOID_TISSUE,ACH-000002,HL-60
DBTRG05MG_CENTRAL_NERVOUS_SYSTEM,ACH-000863,DBTRG-05MG
HEYA8_OVARY,ACH-000542,Hey-A8
NCIH2122_LUNG,ACH-000311,NCI-H2122
MELJUSO_SKIN,ACH-000881,MEL-JUSO
SW620_LARGE_INTESTINE,ACH-000651,SW620
HCT116_LARGE_INTESTINE,ACH-000971,HCT 116
VMRCRCZ_KIDNEY,ACH-000171,VMRC-RCZ
DU145_PROSTATE,ACH-000979,DU 145
MM1S_HAEMATOPOIETIC_AND_LYMPHOID_TISSUE,ACH-000763,MM1-S
L33_PANCREAS,ACH-000685,L3.3
SKMEL2_SKIN,ACH-001190,SK-MEL-2
A549_LUNG,ACH-000681,A549
A172_CENTRAL_NERVOUS_SYSTEM,ACH-000558,A172
NCIH1975_LUNG,ACH-000587,NCI-H1975
COLO679_SKIN,ACH-000805,COLO-679
KP2_PANCREAS,ACH-000281,KP-2
HUH1_LIVER,ACH-000475,huH-1
MDAMB453_BREAST,ACH-000910,MDA-MB-453
PANC0403_PANCREAS,ACH-000235,Panc 04.03
TYKNU_OVARY,ACH-000430,TYK-nu
OVISE_OVARY,ACH-000527,OVISE
EFM19_BREAST,ACH-000330,EFM-19
MELHO_SKIN,ACH-000450,MEL-HO
RL_HAEMATOPOIETIC_AND_LYMPHOID_TISSUE,ACH-000371,RL
G361_SKIN,ACH-000572,G-361
NCIH647_LUNG,ACH-000378,NCI-H647
GMS10_CENTRAL_NERVOUS_SYSTEM,ACH-000102,GMS-10
SEM_HAEMATOPOIETIC_AND_LYMPHOID_TISSUE,ACH-000782,SEM
HLFA_FIBROBLAST,ACH-000797,HLF-a
42MGBA_CENTRAL_NERVOUS_SYSTEM,ACH-000323,42-MG-BA
KCIMOH1_PANCREAS,ACH-001098,KCI-MOH1
HCC44_LUNG,ACH-000667,HCC-44
KYSE70_OESOPHAGUS,ACH-000784,KYSE-70
1321N1_CENTRAL_NERVOUS_SYSTEM,ACH-001000,1321N1
GAMG_CENTRAL_NERVOUS_SYSTEM,ACH-000098,GAMG
NCIH522_LUNG,ACH-000343,NCI-H522
EN_ENDOMETRIUM,ACH-000978,EN
PK59_PANCREAS,ACH-000205,PK-59
SNB19_CENTRAL_NERVOUS_SYSTEM,ACH-001198,SNB-19
COLO741_SKIN,ACH-000582,COLO 741
HDMYZ_HAEMATOPOIETIC_AND_LYMPHOID_TISSUE,ACH-000190,HD-MY-Z
NCIH661_LUNG,ACH-000853,NCI-H661
LNCAPCLONEFGC_PROSTATE,ACH-000977,LNCaP clone FGC
LS411N_LARGE_INTESTINE,ACH-000985,LS411N
HCC78_LUNG,ACH-000562,HCC-78
YKG1_CENTRAL_NERVOUS_SYSTEM,ACH-000570,YKG1
ESS1_ENDOMETRIUM,ACH-000913,ESS-1
U251MG_CENTRAL_NERVOUS_SYSTEM,ACH-000232,U-251 MG
TE11_OESOPHAGUS,ACH-000488,TE-11
KS1_CENTRAL_NERVOUS_SYSTEM,ACH-000631,KS-1
HEC1A_ENDOMETRIUM,ACH-000954,HEC-1-A
TE1_OESOPHAGUS,ACH-000647,TE-1
JHUEM2_ENDOMETRIUM,ACH-000909,JHUEM-2
MOGGUVW_CENTRAL_NERVOUS_SYSTEM,ACH-001126,MOG-G-UVW
RERFLCAD1_LUNG,ACH-000791,RERF-LC-Ad1
TE5_OESOPHAGUS,ACH-000408,TE-5
KELLY_AUTONOMIC_GANGLIA,ACH-000259,KELLY
NCIH1155_LUNG,ACH-000980,NCI-H1155
TE15_OESOPHAGUS,ACH-000353,TE-15
ABC1_LUNG,ACH-000528,ABC-1
8MGBA_CENTRAL_NERVOUS_SYSTEM,ACH-000137,8-MG-BA
NCIH1703_LUNG,ACH-000747,NCI-H1703
AGS_STOMACH,ACH-000880,AGS
QGP1_PANCREAS,ACH-000347,QGP-1
DETROIT562_UPPER_AERODIGESTIVE_TRACT,ACH-000207,Detroit 562
BT474_BREAST,ACH-000927,BT-474
ACHN_KIDNEY,ACH-000046,ACHN
LOVO_LARGE_INTESTINE,ACH-000950,LoVo
NCIH1581_LUNG,ACH-000015,NCI-H1581
SCABER_URINARY_TRACT,ACH-000839,SCaBER
SKMEL30_SKIN,ACH-000810,SK-MEL-30
OVKATE_OVARY,ACH-000443,OVKATE
22RV1_PROSTATE,ACH-000956,22Rv1
C32_SKIN,ACH-000580,C32
PANC0327_PANCREAS,ACH-000139,Panc 03.27
RPMI8226_HAEMATOPOIETIC_AND_LYMPHOID_TISSUE,ACH-000817,RPMI 8226
DLD1_LARGE_INTESTINE,ACH-001061,DLD-1
ES2_OVARY,ACH-000906,ES-2
NCIH1395_LUNG,ACH-000327,NCI-H1395
NCIH1781_LUNG,ACH-000379,NCI-H1781
LS1034_LARGE_INTESTINE,ACH-000252,LS1034
G402_SOFT_TISSUE,ACH-000375,G-402
NCIH146_LUNG,ACH-000506,NCI-H146
SW48_LARGE_INTESTINE,ACH-000958,SW48
CHP212_AUTONOMIC_GANGLIA,ACH-000120,CHP-212
LS180_LARGE_INTESTINE,ACH-000957,LS 180
SW403_LARGE_INTESTINE,ACH-000820,SW403
NCIH747_LARGE_INTESTINE,ACH-000403,NCI-H747
RT4_URINARY_TRACT,ACH-000242,RT4
KATOIII_STOMACH,ACH-000793,KATO III
BDCM_HAEMATOPOIETIC_AND_LYMPHOID_TISSUE,ACH-000080,BDCM
SW1417_LARGE_INTESTINE,ACH-000236,SW1417
SW948_LARGE_INTESTINE,ACH-000680,SW948
HS606T_FIBROBLAST,ACH-000540,Hs 606.T
MDAMB415_BREAST,ACH-000876,MDA-MB-415
DMS79_LUNG,ACH-000703,DMS 79
NCIH2106_LUNG,ACH-000904,NCI-H2106
SW579_THYROID,ACH-000163,SW579
MDAMB468_BREAST,ACH-000849,MDA-MB-468
NCIH526_LUNG,ACH-000767,NCI-H526
TOV112D_OVARY,ACH-000048,TOV-112D
BT549_BREAST,ACH-000288,BT-549
NCIH2196_LUNG,ACH-000399,NCI-H2196
CAL851_BREAST,ACH-000857,CAL-85-1
EFO21_OVARY,ACH-000308,EFO-21
A375_SKIN,ACH-000219,A-375
HT29_LARGE_INTESTINE,ACH-000552,HT-29
NCIH446_LUNG,ACH-000800,NCI-H446
HS294T_SKIN,ACH-000014,Hs 294T
SKMEL5_SKIN,ACH-000730,SK-MEL-5
HS944T_SKIN,ACH-000632,Hs 944.T
TCCPAN2_PANCREAS,ACH-000502,TCC-PAN2
DOV13_OVARY,ACH-001063,DOV13
RMGI_OVARY,ACH-000719,RMG-I
PC3_PROSTATE,ACH-000090,PC-3
K562_HAEMATOPOIETIC_AND_LYMPHOID_TISSUE,ACH-000551,K-562
RT112_URINARY_TRACT,ACH-000473,RT-112
NUGC3_STOMACH,ACH-000911,NUGC-3
U87MG_CENTRAL_NERVOUS_SYSTEM,ACH-000075,U-87 MG
CAKI2_KIDNEY,ACH-000234,Caki-2
OE19_OESOPHAGUS,ACH-000679,OE19
KMRC2_KIDNEY,ACH-000709,KMRC-2
JHH2_LIVER,ACH-000577,JHH-2
IM95_STOMACH,ACH-000919,IM95
MV411_HAEMATOPOIETIC_AND_LYMPHOID_TISSUE,ACH-000045,MV-4-11
WM2664_SKIN,ACH-001239,WM-266-4
KMRC1_KIDNEY,ACH-000684,KMRC-1
KM12_LARGE_INTESTINE,ACH-000969,KM12
COLO849_SKIN,ACH-001045,COLO-849
T84_LARGE_INTESTINE,ACH-000381,T84
CALU1_LUNG,ACH-000511,Calu-1
LOXIMVI_SKIN,ACH-000750,LOX IMVI
NCIH2170_LUNG,ACH-000481,NCI-H2170
SQ1_LUNG,ACH-000553,Sq-1
AN3CA_ENDOMETRIUM,ACH-000940,AN3 CA
NCIH2444_LUNG,ACH-000186,NCI-H2444
UACC257_SKIN,ACH-000579,UACC-257
KYSE510_OESOPHAGUS,ACH-000824,KYSE-510
MOLM13_HAEMATOPOIETIC_AND_LYMPHOID_TISSUE,ACH-000362,MOLM-13
HUPT4_PANCREAS,ACH-000213,HUP-T4
MOGGCCM_CENTRAL_NERVOUS_SYSTEM,ACH-001125,MOG-G-CCM
KYSE30_OESOPHAGUS,ACH-000777,KYSE-30
KYSE150_OESOPHAGUS,ACH-000855,KYSE-150
PSN1_PANCREAS,ACH-000320,PSN1
NCIH1299_LUNG,ACH-000510,NCI-H1299
PATU8988T_PANCREAS,ACH-000023,PA-TU-8988T
IGR37_SKIN,ACH-000650,IGR-37
LN443_CENTRAL_NERVOUS_SYSTEM,ACH-000673,LN-443
SLR23_KIDNEY,ACH-000246,SLR 23
HMEL_BREAST,ACH-000642,HMEL
OELE_OVARY,ACH-000494,OELE
LN235_CENTRAL_NERVOUS_SYSTEM,ACH-000591,LN-235
BJHTERT_SKIN,ACH-001018,BJ hTERT
LN428_CENTRAL_NERVOUS_SYSTEM,ACH-000455,LN-428
SLR24_KIDNEY,ACH-000272,SLR 24
EWS502_BONE,ACH-000279,EWS502
SALE_LUNG,ACH-000064,SALE
HCC2814_LUNG,ACH-000690,HCC-2814
SKRC31_KIDNEY,ACH-001194,SK-RC 31
TIG3TD_FIBROBLAST,ACH-001207,TIG-3 TD
TC32_BONE,ACH-001205,TC-32
SF172_CENTRAL_NERVOUS_SYSTEM,ACH-000887,SF-172
PRECLH_PROSTATE,ACH-000170,PrEC LH
U343_CENTRAL_NERVOUS_SYSTEM,ACH-000036,U343
RCC4_KIDNEY,ACH-001175,RCC-4
LN215_CENTRAL_NERVOUS_SYSTEM,ACH-000328,LN-215
LN464_CENTRAL_NERVOUS_SYSTEM,ACH-000676,LN-464
SLR25_KIDNEY,ACH-000300,SLR 25
U178_CENTRAL_NERVOUS_SYSTEM,ACH-000208,U-178
F5_CENTRAL_NERVOUS_SYSTEM,ACH-001067,F5
HEKTE_KIDNEY,ACH-000049,HEK TE
SLR26_KIDNEY,ACH-000600,SLR 26
SKRC20_KIDNEY,ACH-000385,SK-RC-20
SF767_CERVIX,ACH-000490,SF767
A1207_CENTRAL_NERVOUS_SYSTEM,ACH-000283,A1207
LN319_CENTRAL_NERVOUS_SYSTEM,ACH-000128,LN-319
HCC364_LUNG,ACH-000575,HCC364
UMRC6_KIDNEY,ACH-001225,UMRC6
LN382_CENTRAL_NERVOUS_SYSTEM,ACH-000215,LN382
IOMMLEE_CENTRAL_NERVOUS_SYSTEM,ACH-000629,IOMM-Lee
UMRC2_KIDNEY,ACH-001224,UMRC2
DFCI024_LUNG,ACH-001058,DFCI024
HCC1897_LUNG,ACH-001079,HCC-1897
SLR21_KIDNEY,ACH-000016,SLR 21
LNZ308_CENTRAL_NERVOUS_SYSTEM,ACH-000760,LNZ308
LN340_CENTRAL_NERVOUS_SYSTEM,ACH-000634,LN-340
HCC827GR5_LUNG,ACH-000029,HCC827 GR5
SLR20_KIDNEY,ACH-000127,SLR 20
HK2_KIDNEY,ACH-001087,HK-2
EW8_BONE,ACH-000499,EW8
UOK101_KIDNEY,ACH-000262,UOK101
JHESOAD1_OESOPHAGUS,ACH-000216,JH-EsoAd1
CH157MN_CENTRAL_NERVOUS_SYSTEM,ACH-000025,CH-157MN
MOLP2_HAEMATOPOIETIC_AND_LYMPHOID_TISSUE,ACH-000453,MOLP-2
SCC25_UPPER_AERODIGESTIVE_TRACT,ACH-000188,SCC-25
UT7_HAEMATOPOIETIC_AND_LYMPHOID_TISSUE,ACH-001230,UT-7
MHHNB11_AUTONOMIC_GANGLIA,ACH-000078,MHH-NB-11
HCC1806_BREAST,ACH-000624,HCC1806
GRANTA519_HAEMATOPOIETIC_AND_LYMPHOID_TISSUE,ACH-000073,GRANTA-519
MONOMAC6_HAEMATOPOIETIC_AND_LYMPHOID_TISSUE,ACH-000006,MONO-MAC-6
MKN7_STOMACH,ACH-000678,MKN7
SW1710_URINARY_TRACT,ACH-000566,SW-1710
MOLT13_HAEMATOPOIETIC_AND_LYMPHOID_TISSUE,ACH-000795,MOLT-13
SR786_HAEMATOPOIETIC_AND_LYMPHOID_TISSUE,ACH-000338,SR-786
SCC15_UPPER_AERODIGESTIVE_TRACT,ACH-000254,SCC-15
RS5_FIBROBLAST,ACH-000531,RS-5
NCIH2126_LUNG,ACH-000785,NCI-H2126
NCIH2141_LUNG,ACH-001138,NCI-H2141
NCIH1385_LUNG,ACH-000737,NCI-H1385
HCC827_LUNG,ACH-000012,HCC827
RD_SOFT_TISSUE,ACH-000169,RD
TT_THYROID,ACH-001321,TT
TF1_HAEMATOPOIETIC_AND_LYMPHOID_TISSUE,ACH-000387,TF-1
HS172T_FIBROBLAST,ACH-000088,Hs 172.T
HS834T_FIBROBLAST,ACH-000275,Hs 834.T
TE125T_FIBROBLAST,ACH-000079,TE 125.T
8305C_THYROID,ACH-001306,8305C
UACC812_BREAST,ACH-000568,UACC-812
ALLSIL_HAEMATOPOIETIC_AND_LYMPHOID_TISSUE,ACH-000105,ALL-SIL
KASUMI2_HAEMATOPOIETIC_AND_LYMPHOID_TISSUE,ACH-000728,KASUMI-2
DND41_HAEMATOPOIETIC_AND_LYMPHOID_TISSUE,ACH-000981,DND-41
ME1_HAEMATOPOIETIC_AND_LYMPHOID_TISSUE,ACH-000439,ME-1
DM3_FIBROBLAST,ACH-000742,DM-3
JEKO1_HAEMATOPOIETIC_AND_LYMPHOID_TISSUE,ACH-000357,JeKo-1
JJN3_HAEMATOPOIETIC_AND_LYMPHOID_TISSUE,ACH-000653,JJN-3
NUDHL1_HAEMATOPOIETIC_AND_LYMPHOID_TISSUE,ACH-000388,NU-DHL-1
CL14_LARGE_INTESTINE,ACH-000342,CL-14
KYO1_HAEMATOPOIETIC_AND_LYMPHOID_TISSUE,ACH-000604,KYO-1
JL1_PLEURA,ACH-000645,JL-1
CAL148_BREAST,ACH-000902,CAL-148
NALM19_HAEMATOPOIETIC_AND_LYMPHOID_TISSUE,ACH-000130,NALM-19
HPBALL_HAEMATOPOIETIC_AND_LYMPHOID_TISSUE,ACH-000942,HPB-ALL
SUPT11_HAEMATOPOIETIC_AND_LYMPHOID_TISSUE,ACH-000122,SUP-T11
CL40_LARGE_INTESTINE,ACH-000798,CL-40
MDAMB134VI_BREAST,ACH-000044,MDA-MB-134-VI
HCC1500_BREAST,ACH-000349,HCC1500
HCC1599_BREAST,ACH-000196,HCC1599
SUPHD1_HAEMATOPOIETIC_AND_LYMPHOID_TISSUE,ACH-001203,SUP-HD1
MOTN1_HAEMATOPOIETIC_AND_LYMPHOID_TISSUE,ACH-001130,MOTN-1
OCIAML3_HAEMATOPOIETIC_AND_LYMPHOID_TISSUE,ACH-000336,OCI-AML3
SUDHL10_HAEMATOPOIETIC_AND_LYMPHOID_TISSUE,ACH-000271,SU-DHL-10
SUDHL4_HAEMATOPOIETIC_AND_LYMPHOID_TISSUE,ACH-000365,SU-DHL-4
RH41_SOFT_TISSUE,ACH-000100,RH-41
OCILY19_HAEMATOPOIETIC_AND_LYMPHOID_TISSUE,ACH-000124,OCI-LY-19
MOLM6_HAEMATOPOIETIC_AND_LYMPHOID_TISSUE,ACH-000321,MOLM-6
SKMM2_HAEMATOPOIETIC_AND_LYMPHOID_TISSUE,ACH-000363,SK-MM-2
KASUMI6_HAEMATOPOIETIC_AND_LYMPHOID_TISSUE,ACH-000166,Kasumi-6
HS698T_FIBROBLAST,ACH-000850,Hs 698.T
UACC893_BREAST,ACH-000554,UACC-893
MINO_HAEMATOPOIETIC_AND_LYMPHOID_TISSUE,ACH-000220,Mino
CHP126_AUTONOMIC_GANGLIA,ACH-000136,CHP-126
COLO680N_OESOPHAGUS,ACH-000717,COLO-680N
COLO678_LARGE_INTESTINE,ACH-000350,COLO-678
LAMA84_HAEMATOPOIETIC_AND_LYMPHOID_TISSUE,ACH-000301,LAMA-84
CMLT1_HAEMATOPOIETIC_AND_LYMPHOID_TISSUE,ACH-000920,CML-T1
EHEB_HAEMATOPOIETIC_AND_LYMPHOID_TISSUE,ACH-000038,EHEB
CAL54_KIDNEY,ACH-000457,CAL-54
BV173_HAEMATOPOIETIC_AND_LYMPHOID_TISSUE,ACH-000432,BV-173
DOHH2_HAEMATOPOIETIC_AND_LYMPHOID_TISSUE,ACH-000056,DOHH-2
EOL1_HAEMATOPOIETIC_AND_LYMPHOID_TISSUE,ACH-000198,EOL-1
NALM6_HAEMATOPOIETIC_AND_LYMPHOID_TISSUE,ACH-000938,NALM-6
VMCUB1_URINARY_TRACT,ACH-000545,VM-CUB1
LP1_HAEMATOPOIETIC_AND_LYMPHOID_TISSUE,ACH-000204,LP-1
LXF289_LUNG,ACH-000787,LXF-289
MONOMAC1_HAEMATOPOIETIC_AND_LYMPHOID_TISSUE,ACH-001129,MONO-MAC-1
PL21_HAEMATOPOIETIC_AND_LYMPHOID_TISSUE,ACH-000218,PL-21
PF382_HAEMATOPOIETIC_AND_LYMPHOID_TISSUE,ACH-000937,PF-382
NALM1_HAEMATOPOIETIC_AND_LYMPHOID_TISSUE,ACH-000462,NALM-1
OCIAML2_HAEMATOPOIETIC_AND_LYMPHOID_TISSUE,ACH-000113,OCI-AML2
MHHCALL3_HAEMATOPOIETIC_AND_LYMPHOID_TISSUE,ACH-000032,MHH-CALL-3
JURLMK1_HAEMATOPOIETIC_AND_LYMPHOID_TISSUE,ACH-000326,JURL-MK1
OCIAML5_HAEMATOPOIETIC_AND_LYMPHOID_TISSUE,ACH-000065,OCI-AML5
KE37_HAEMATOPOIETIC_AND_LYMPHOID_TISSUE,ACH-000101,KE-37
JK1_HAEMATOPOIETIC_AND_LYMPHOID_TISSUE,ACH-000241,JK-1
RI1_HAEMATOPOIETIC_AND_LYMPHOID_TISSUE,ACH-000398,RI-1
KARPAS422_HAEMATOPOIETIC_AND_LYMPHOID_TISSUE,ACH-000315,KARPAS-422
L540_HAEMATOPOIETIC_AND_LYMPHOID_TISSUE,ACH-000806,L-540
CAL78_BONE,ACH-000516,CAL-78
HDQP1_BREAST,ACH-000643,HDQ-P1
MHHCALL4_HAEMATOPOIETIC_AND_LYMPHOID_TISSUE,ACH-000156,MHH-CALL-4
MUTZ5_HAEMATOPOIETIC_AND_LYMPHOID_TISSUE,ACH-000492,MUTZ-5
ONCODG1_OVARY,ACH-000013,ONCO-DG-1
HDLM2_HAEMATOPOIETIC_AND_LYMPHOID_TISSUE,ACH-000267,HDLM-2
CAL29_URINARY_TRACT,ACH-000142,CAL-29
KOPN8_HAEMATOPOIETIC_AND_LYMPHOID_TISSUE,ACH-001106,KOPN-8
SCLC21H_LUNG,ACH-000659,SCLC-21H
CALU3_LUNG,ACH-000392,Calu-3
NCIH1435_LUNG,ACH-000852,NCI-H1435
NCIH2009_LUNG,ACH-000886,NCI-H2009
NCIH1869_LUNG,ACH-000894,NCI-H1869
HS852T_SKIN,ACH-000274,Hs 852.T
HCC1419_BREAST,ACH-000277,HCC1419
BT483_BREAST,ACH-000818,BT-483
HS281T_FIBROBLAST,ACH-000083,Hs 281.T
HS934T_FIBROBLAST,ACH-000194,Hs 934.T
HCC4006_LUNG,ACH-000066,HCC4006
HCC1428_BREAST,ACH-000352,HCC1428
KU812_HAEMATOPOIETIC_AND_LYMPHOID_TISSUE,ACH-000074,KU812
SHP77_LUNG,ACH-000790,SHP-77
TE441T_SOFT_TISSUE,ACH-000772,TE 441.T
NB1_AUTONOMIC_GANGLIA,ACH-000804,NB-1
HS274T_FIBROBLAST,ACH-000134,Hs 274.T
PFEIFFER_HAEMATOPOIETIC_AND_LYMPHOID_TISSUE,ACH-000140,Pfeiffer
ZR7530_BREAST,ACH-000828,ZR-75-30
HS863T_FIBROBLAST,ACH-000119,Hs 863.T
NCIH841_LUNG,ACH-000292,NCI-H841
HS821T_FIBROBLAST,ACH-000526,Hs 821.T
NCIH1944_LUNG,ACH-000414,NCI-H1944
NCIH2405_LUNG,ACH-000121,NCI-H2405
DEL_HAEMATOPOIETIC_AND_LYMPHOID_TISSUE,ACH-000233,DEL
BEN_LUNG,ACH-000603,BEN
COLO320_LARGE_INTESTINE,ACH-000202,COLO-320
RPMI8402_HAEMATOPOIETIC_AND_LYMPHOID_TISSUE,ACH-000636,RPMI-8402
SUDHL1_HAEMATOPOIETIC_AND_LYMPHOID_TISSUE,ACH-000664,SU-DHL-1
P12ICHIKAWA_HAEMATOPOIETIC_AND_LYMPHOID_TISSUE,ACH-000372,P12-ICHIKAWA
BFTC905_URINARY_TRACT,ACH-000802,BFTC-905
BFTC909_KIDNEY,ACH-000792,BFTC-909
MHHES1_BONE,ACH-000391,MHH-ES-1
JVM3_HAEMATOPOIETIC_AND_LYMPHOID_TISSUE,ACH-000346,JVM-3
NOMO1_HAEMATOPOIETIC_AND_LYMPHOID_TISSUE,ACH-000168,NOMO-1
NCIH727_LUNG,ACH-000775,NCI-H727
HS343T_FIBROBLAST,ACH-000184,Hs 343.T
HCC2935_LUNG,ACH-000150,HCC2935
HS888T_FIBROBLAST,ACH-000154,Hs 888.T
MKN45_STOMACH,ACH-000356,MKN-45
8505C_THYROID,ACH-001307,8505C
KU1919_URINARY_TRACT,ACH-000486,KU-19-19
KCL22_HAEMATOPOIETIC_AND_LYMPHOID_TISSUE,ACH-000983,KCL-22
CADOES1_BONE,ACH-000210,CADO-ES1
S117_THYROID,ACH-000037,S-117
EM2_HAEMATOPOIETIC_AND_LYMPHOID_TISSUE,ACH-000295,EM-2
OPM2_HAEMATOPOIETIC_AND_LYMPHOID_TISSUE,ACH-000024,OPM-2
CAL62_THYROID,ACH-000174,CAL-62
LCLC103H_LUNG,ACH-000627,LCLC-103H
JURKAT_HAEMATOPOIETIC_AND_LYMPHOID_TISSUE,ACH-000995,JURKAT
697_HAEMATOPOIETIC_AND_LYMPHOID_TISSUE,ACH-000070,697
MHHCALL2_HAEMATOPOIETIC_AND_LYMPHOID_TISSUE,ACH-000020,MHH-CALL-2
M07E_HAEMATOPOIETIC_AND_LYMPHOID_TISSUE,ACH-000602,M-07e
L428_HAEMATOPOIETIC_AND_LYMPHOID_TISSUE,ACH-000754,L-428
MOLT16_HAEMATOPOIETIC_AND_LYMPHOID_TISSUE,ACH-000918,MOLT-16
NB4_HAEMATOPOIETIC_AND_LYMPHOID_TISSUE,ACH-000294,NB-4
LCLC97TM1_LUNG,ACH-000596,LCLC-97TM1
2313287_STOMACH,ACH-000948,23132/87
BHT101_THYROID,ACH-000191,BHT-101
JVM2_HAEMATOPOIETIC_AND_LYMPHOID_TISSUE,ACH-000106,JVM-2
CAL51_BREAST,ACH-000856,CAL-51
L363_HAEMATOPOIETIC_AND_LYMPHOID_TISSUE,ACH-000183,L-363
KMH2_HAEMATOPOIETIC_AND_LYMPHOID_TISSUE,ACH-000815,KM-H2
SIMA_AUTONOMIC_GANGLIA,ACH-000099,SIMA
NUDUL1_HAEMATOPOIETIC_AND_LYMPHOID_TISSUE,ACH-000287,NU-DUL-1
BC3C_URINARY_TRACT,ACH-000593,BC-3C
SUDHL6_HAEMATOPOIETIC_AND_LYMPHOID_TISSUE,ACH-000611,SU-DHL-6
KARPAS620_HAEMATOPOIETIC_AND_LYMPHOID_TISSUE,ACH-000193,KARPAS-620
REC1_HAEMATOPOIETIC_AND_LYMPHOID_TISSUE,ACH-000068,REC-1
OCIM1_HAEMATOPOIETIC_AND_LYMPHOID_TISSUE,ACH-000751,OCI-M1
MEC1_HAEMATOPOIETIC_AND_LYMPHOID_TISSUE,ACH-000405,MEC-1
SIGM5_HAEMATOPOIETIC_AND_LYMPHOID_TISSUE,ACH-000112,SIG-M5
SUDHL5_HAEMATOPOIETIC_AND_LYMPHOID_TISSUE,ACH-000660,SU-DHL-5
BCPAP_THYROID,ACH-000456,B-CPAP
639V_URINARY_TRACT,ACH-000973,639-V
CL11_LARGE_INTESTINE,ACH-000249,CL-11
TT2609C02_THYROID,ACH-000716,TT2609-C02
MEC2_HAEMATOPOIETIC_AND_LYMPHOID_TISSUE,ACH-001121,MEC-2
CL34_LARGE_INTESTINE,ACH-000895,CL-34
RCHACV_HAEMATOPOIETIC_AND_LYMPHOID_TISSUE,ACH-000922,RCH-ACV
CAL120_BREAST,ACH-000212,CAL-120
647V_URINARY_TRACT,ACH-000896,647-V
RH18_SOFT_TISSUE,ACH-000689,RH-18
MOLM16_HAEMATOPOIETIC_AND_LYMPHOID_TISSUE,ACH-000369,MOLM-16
F36P_HAEMATOPOIETIC_AND_LYMPHOID_TISSUE,ACH-000487,F-36P
EJM_HAEMATOPOIETIC_AND_LYMPHOID_TISSUE,ACH-000821,EJM
WSUDLCL2_HAEMATOPOIETIC_AND_LYMPHOID_TISSUE,ACH-000534,WSU-DLCL2
JIMT1_BREAST,ACH-000711,JIMT-1
ML1_THYROID,ACH-000058,ML-1
AMO1_HAEMATOPOIETIC_AND_LYMPHOID_TISSUE,ACH-000838,AMO-1
MOLP8_HAEMATOPOIETIC_AND_LYMPHOID_TISSUE,ACH-000745,MOLP-8
COLO699_LUNG,ACH-001041,COLO-699
JHUEM7_ENDOMETRIUM,ACH-000993,JHUEM-7
KP1NL_PANCREAS,ACH-001108,KP-1NL
KP1N_PANCREAS,ACH-001107,KP-1N
M059J_CENTRAL_NERVOUS_SYSTEM,ACH-001118,
MB157_BREAST,ACH-001120,MB 157
OE21_OESOPHAGUS,ACH-000544,OE21
SF8657_SKIN,ACH-001187,SF8657
SNUC2B_LARGE_INTESTINE,ACH-001199,SNU-C2B
NCIH2073_LUNG,ACH-000590,NCI-H2073
HN_UPPER_AERODIGESTIVE_TRACT,ACH-001090,HN
HRT18_LARGE_INTESTINE,ACH-001091,HRT-18
HNT34_HAEMATOPOIETIC_AND_LYMPHOID_TISSUE,ACH-000299,
PLB985_HAEMATOPOIETIC_AND_LYMPHOID_TISSUE,ACH-000034,PLB-985
SKNO1_HAEMATOPOIETIC_AND_LYMPHOID_TISSUE,ACH-001656,SKNO-1
MOLT3_HAEMATOPOIETIC_AND_LYMPHOID_TISSUE,ACH-000964,MOLT-3
HOP62_LUNG,ACH-000861,HOP-62
EKVX_LUNG,ACH-000706,EKVX
OVCAR5_OVARY,ACH-001151,OVCAR-5
UO31_KIDNEY,ACH-000428,UO-31
TK10_KIDNEY,ACH-001208,
SF268_CENTRAL_NERVOUS_SYSTEM,ACH-000655,SF268
SF539_CENTRAL_NERVOUS_SYSTEM,ACH-000273,SF539
SNB75_CENTRAL_NERVOUS_SYSTEM,ACH-000504,SNB75
HOP92_LUNG,ACH-000825,HOP-92
ACCS_URINARY_TRACT,ACH-001011,ACCS
MUTZ3_HAEMATOPOIETIC_AND_LYMPHOID_TISSUE,ACH-000084,MUTZ-3
A427_LUNG,ACH-000757,
BT12_SOFT_TISSUE,ACH-000160,
C8166_HAEMATOPOIETIC_AND_LYMPHOID_TISSUE,ACH-000206,
CACO2_LARGE_INTESTINE,ACH-000003,
HCC2429_LUNG,ACH-000143,
HCC2450_LUNG,ACH-000975,
HCC461_LUNG,ACH-000339,
HCC515_LUNG,ACH-000872,
INA6_HAEMATOPOIETIC_AND_LYMPHOID_TISSUE,ACH-000512,
KD_SOFT_TISSUE,ACH-001099,
KPMRTRY_SOFT_TISSUE,ACH-001109,
MON_SOFT_TISSUE,ACH-001128,
NCIH2004RT_SOFT_TISSUE,ACH-000533,
NCIH2077_LUNG,ACH-000010,
NCIH2882_LUNG,ACH-000700,
NCIH2887_LUNG,ACH-000251,
NCIH1819_LUNG,ACH-000033,
NCIH3122_LUNG,ACH-000337,
NHAHTDD_CENTRAL_NERVOUS_SYSTEM,ACH-001142,
OCIMY5_HAEMATOPOIETIC_AND_LYMPHOID_TISSUE,ACH-000854,
OCIMY7_HAEMATOPOIETIC_AND_LYMPHOID_TISSUE,ACH-000436,
OPM1_HAEMATOPOIETIC_AND_LYMPHOID_TISSUE,ACH-000057,
PC9_LUNG,ACH-000779,
SKNEP1_BONE,ACH-001192,
SKPNDW_BONE,ACH-001193,
STM9101_SOFT_TISSUE,ACH-001200,
SIHA_CERVIX,ACH-000556,
TM87_SOFT_TISSUE,ACH-000172,
TTC709_SOFT_TISSUE,ACH-000597,
TTC1240_SOFT_TISSUE,ACH-001210,
TTC549_SOFT_TISSUE,ACH-001211,
TTC642_SOFT_TISSUE,ACH-001212,
BT16_SOFT_TISSUE,ACH-001020,
CW9019_SOFT_TISSUE,ACH-001050,
D384_CENTRAL_NERVOUS_SYSTEM,ACH-001052,
D425_CENTRAL_NERVOUS_SYSTEM,ACH-001053,
D458_CENTRAL_NERVOUS_SYSTEM,ACH-001054,
D556_CENTRAL_NERVOUS_SYSTEM,ACH-001055,
JR_SOFT_TISSUE,ACH-001096,
MKL1_SKIN,ACH-001122,
MKL2_SKIN,ACH-001123,
PETA_SKIN,ACH-001170,
SMSCTR_SOFT_TISSUE,ACH-001196,
SUMB002_CENTRAL_NERVOUS_SYSTEM,ACH-001201,
BB30HNC_UPPER_AERODIGESTIVE_TRACT,ACH-002212,
BB49HNC_UPPER_AERODIGESTIVE_TRACT,ACH-002213,
BICR10_UPPER_AERODIGESTIVE_TRACT,ACH-001331,
BICR78_UPPER_AERODIGESTIVE_TRACT,ACH-001332,
CA922_UPPER_AERODIGESTIVE_TRACT,ACH-002043,
DOK_UPPER_AERODIGESTIVE_TRACT,ACH-002234,
H3118_UPPER_AERODIGESTIVE_TRACT,ACH-002239,
HO1N1_UPPER_AERODIGESTIVE_TRACT,ACH-002244,
HO1U1_UPPER_AERODIGESTIVE_TRACT,ACH-002045,
JHU011_UPPER_AERODIGESTIVE_TRACT,ACH-002249,
JHU022_UPPER_AERODIGESTIVE_TRACT,ACH-002250,
KON_UPPER_AERODIGESTIVE_TRACT,ACH-001542,
KOSC2_UPPER_AERODIGESTIVE_TRACT,ACH-002260,
LB771HNC_UPPER_AERODIGESTIVE_TRACT,ACH-002265,
OSC19_UPPER_AERODIGESTIVE_TRACT,ACH-001625,
OSC20_UPPER_AERODIGESTIVE_TRACT,ACH-001626,
PCI15A_UPPER_AERODIGESTIVE_TRACT,ACH-002294,
PCI30_UPPER_AERODIGESTIVE_TRACT,ACH-002295,
PCI38_UPPER_AERODIGESTIVE_TRACT,ACH-002296,
PCI4B_UPPER_AERODIGESTIVE_TRACT,ACH-002297,
PCI6A_UPPER_AERODIGESTIVE_TRACT,ACH-002298,
RPMI2650_UPPER_AERODIGESTIVE_TRACT,ACH-001385,
SAS_UPPER_AERODIGESTIVE_TRACT,ACH-002029,
SAT_UPPER_AERODIGESTIVE_TRACT,ACH-001641,
SKN3_UPPER_AERODIGESTIVE_TRACT,ACH-002305,
ESO26_OESOPHAGUS,ACH-001496,
ESO51_OESOPHAGUS,ACH-001497,
FLO1_OESOPHAGUS,ACH-001500,
HCE4_OESOPHAGUS,ACH-002243,
KYAE1_OESOPHAGUS,ACH-001544,
KYSE220_OESOPHAGUS,ACH-002263,
KYSE50_OESOPHAGUS,ACH-002264,
OACM51_OESOPHAGUS,ACH-001368,
OACP4C_OESOPHAGUS,ACH-002292,
SKGT4_OESOPHAGUS,ACH-001654,
TE12_OESOPHAGUS,ACH-002311,
CESS_HAEMATOPOIETIC_AND_LYMPHOID_TISSUE,ACH-002218,
CTV1_HAEMATOPOIETIC_AND_LYMPHOID_TISSUE,ACH-002222,
KMOE2_HAEMATOPOIETIC_AND_LYMPHOID_TISSUE,ACH-002258,
NKM1_HAEMATOPOIETIC_AND_LYMPHOID_TISSUE,ACH-002290,
QIMRWIL_HAEMATOPOIETIC_AND_LYMPHOID_TISSUE,ACH-002299,
BALL1_HAEMATOPOIETIC_AND_LYMPHOID_TISSUE,ACH-002211,
KARPAS231_HAEMATOPOIETIC_AND_LYMPHOID_TISSUE,ACH-002255,
MHHPREB1_HAEMATOPOIETIC_AND_LYMPHOID_TISSUE,ACH-002272,
MN60_HAEMATOPOIETIC_AND_LYMPHOID_TISSUE,ACH-002275,
ROS50_HAEMATOPOIETIC_AND_LYMPHOID_TISSUE,ACH-001639,
SUPB8_HAEMATOPOIETIC_AND_LYMPHOID_TISSUE,ACH-002308,
U698M_HAEMATOPOIETIC_AND_LYMPHOID_TISSUE,ACH-001680,
BC1_HAEMATOPOIETIC_AND_LYMPHOID_TISSUE,ACH-002214,
CROAP2_HAEMATOPOIETIC_AND_LYMPHOID_TISSUE,ACH-002220,
CTB1_HAEMATOPOIETIC_AND_LYMPHOID_TISSUE,ACH-002221,
FARAGE_HAEMATOPOIETIC_AND_LYMPHOID_TISSUE,ACH-001498,
JSC1_HAEMATOPOIETIC_AND_LYMPHOID_TISSUE,ACH-002253,
KARPAS1106P_HAEMATOPOIETIC_AND_LYMPHOID_TISSUE,ACH-002254,
RCK8_HAEMATOPOIETIC_AND_LYMPHOID_TISSUE,ACH-001638,
SCC3_HAEMATOPOIETIC_AND_LYMPHOID_TISSUE,ACH-001642,
SLVL_HAEMATOPOIETIC_AND_LYMPHOID_TISSUE,ACH-002062,
SUDHL16_HAEMATOPOIETIC_AND_LYMPHOID_TISSUE,ACH-002307,
TK_HAEMATOPOIETIC_AND_LYMPHOID_TISSUE,ACH-002313,
TUR_HAEMATOPOIETIC_AND_LYMPHOID_TISSUE,ACH-002314,
VAL_HAEMATOPOIETIC_AND_LYMPHOID_TISSUE,ACH-001703,
EB3_HAEMATOPOIETIC_AND_LYMPHOID_TISSUE,ACH-002236,
JIYOYEP2003_HAEMATOPOIETIC_AND_LYMPHOID_TISSUE,ACH-002252,
P32ISH_HAEMATOPOIETIC_AND_LYMPHOID_TISSUE,ACH-002293,
RAMOS2G64C10_HAEMATOPOIETIC_AND_LYMPHOID_TISSUE,ACH-002300,
RPMI8866_HAEMATOPOIETIC_AND_LYMPHOID_TISSUE,ACH-002302,
MCCAR_HAEMATOPOIETIC_AND_LYMPHOID_TISSUE,ACH-002270,
HC1_HAEMATOPOIETIC_AND_LYMPHOID_TISSUE,ACH-002242,
MLMA_HAEMATOPOIETIC_AND_LYMPHOID_TISSUE,ACH-002274,
MOT_HAEMATOPOIETIC_AND_LYMPHOID_TISSUE,ACH-002339,
HS445_HAEMATOPOIETIC_AND_LYMPHOID_TISSUE,ACH-002245,
KY821_HAEMATOPOIETIC_AND_LYMPHOID_TISSUE,ACH-002262,
ALLPO_HAEMATOPOIETIC_AND_LYMPHOID_TISSUE,ACH-002209,
BE13_HAEMATOPOIETIC_AND_LYMPHOID_TISSUE,ACH-002216,
GRST_HAEMATOPOIETIC_AND_LYMPHOID_TISSUE,ACH-002238,
HAL01_HAEMATOPOIETIC_AND_LYMPHOID_TISSUE,ACH-002241,
KARPAS45_HAEMATOPOIETIC_AND_LYMPHOID_TISSUE,ACH-002256,
LC41_HAEMATOPOIETIC_AND_LYMPHOID_TISSUE,ACH-002267,
P30OHK_HAEMATOPOIETIC_AND_LYMPHOID_TISSUE,ACH-002059,
ATN1_HAEMATOPOIETIC_AND_LYMPHOID_TISSUE,ACH-002058,
H9_HAEMATOPOIETIC_AND_LYMPHOID_TISSUE,ACH-002240,
WIL2NS_HAEMATOPOIETIC_AND_LYMPHOID_TISSUE,ACH-002316,
WSUNHL_HAEMATOPOIETIC_AND_LYMPHOID_TISSUE,ACH-001709,
YT_HAEMATOPOIETIC_AND_LYMPHOID_TISSUE,ACH-002317,
ARH77_HAEMATOPOIETIC_AND_LYMPHOID_TISSUE,ACH-002210,
IM9_HAEMATOPOIETIC_AND_LYMPHOID_TISSUE,ACH-002247,
CS1_BONE,ACH-002099,
CHSA8926_BONE,ACH-002094,
ES1_BONE,ACH-002103,
ES3_BONE,ACH-002104,
ES4_BONE,ACH-002105,
ES5_BONE,ACH-002106,
ES7_BONE,ACH-002108,
ES8_BONE,ACH-002109,
EW1_BONE,ACH-002110,
EW11_BONE,ACH-002111,
EW12_BONE,ACH-002112,
EW13_BONE,ACH-002113,
EW16_BONE,ACH-002114,
EW18_BONE,ACH-002115,
EW22_BONE,ACH-002116,
EW24_BONE,ACH-002117,
EW3_BONE,ACH-002118,
EW7_BONE,ACH-002119,
CAL72_BONE,ACH-001715,
HUO3N1_BONE,ACH-002142,
HUO9_BONE,ACH-001526,
NOS1_BONE,ACH-002067,
NY_BONE,ACH-002178,
COLO824_BREAST,ACH-001820,
MDAMB330_BREAST,ACH-001358,
MFM223_BREAST,ACH-001819,
MRKNU1_BREAST,ACH-002163,
OCUBM_BREAST,ACH-002179,
EGI1_BILIARY_TRACT,ACH-001494,
ETK1_BILIARY_TRACT,ACH-002237,
TGBC1TKB_BILIARY_TRACT,ACH-001861,
TGBC24TKB_BILIARY_TRACT,ACH-002312,
CAR1_LARGE_INTESTINE,ACH-002345,
GP5D_LARGE_INTESTINE,ACH-001345,
HCC2998_LARGE_INTESTINE,ACH-001081,
NCIH630_LARGE_INTESTINE,ACH-002287,
GT3TKB_STOMACH,ACH-002122,
HSC39_STOMACH,ACH-002141,
MKN28_STOMACH,ACH-002161,
RF48_STOMACH,ACH-002301,
SCH_STOMACH,ACH-002198,
SKGT2_STOMACH,ACH-001653,
SW13_ADRENAL_CORTEX,ACH-001401,
BB65RCC_KIDNEY,ACH-002090,
HA7RCC_KIDNEY,ACH-002139,
LB1047RCC_KIDNEY,ACH-002150,
LB2241RCC_KIDNEY,ACH-002151,
LB996RCC_KIDNEY,ACH-002155,
NCC010_KIDNEY,ACH-002167,
NCC021_KIDNEY,ACH-002168,
RCCAB_KIDNEY,ACH-002187,
RCCER_KIDNEY,ACH-002188,
RCCFG2_KIDNEY,ACH-002189,
RCCJW_KIDNEY,ACH-002191,
RCCMF_KIDNEY,ACH-002192,
RXF393_KIDNEY,ACH-002195,
SN12C_KIDNEY,ACH-002199,
201T_LUNG,ACH-002089,
EMCBAC1_LUNG,ACH-002101,
EMCBAC2_LUNG,ACH-002102,
LC2AD_LUNG,ACH-002157,
NCIH1993_LUNG,ACH-001137,
NCIH720_LUNG,ACH-002174,
NCIH835_LUNG,ACH-002177,
UMC11_LUNG,ACH-001417,
NCIH1770_LUNG,ACH-001362,
NCIH2135_LUNG,ACH-001363,
CORL321_PLEURA,ACH-001490,
CORL303_LUNG,ACH-002095,
CORL32_LUNG,ACH-001489,
ISTSL1_LUNG,ACH-002144,
ISTSL2_LUNG,ACH-002145,
LB647SCLC_LUNG,ACH-002154,
LU134A_LUNG,ACH-002051,
LU135_LUNG,ACH-001549,
LU139_LUNG,ACH-002052,
LU165_LUNG,ACH-002077,
MS1_LUNG,ACH-001958,
NCIH1417_LUNG,ACH-001591,
NCIH1688_LUNG,ACH-002170,
NCIH250_LUNG,ACH-002171,
NCIH345_LUNG,ACH-001364,
NCIH378_LUNG,ACH-002173,
NCIH64_LUNG,ACH-001599,
NCIH748_LUNG,ACH-002176,
NCIH847_LUNG,ACH-001365,
SBC1_LUNG,ACH-002196,
H2369_PLEURA,ACH-002123,
NCIH2373_PLEURA,ACH-002124,
NCIH2461_PLEURA,ACH-002125,
NCIH2591_PLEURA,ACH-002126,
NCIH2595_PLEURA,ACH-002127,
NCIH2722_PLEURA,ACH-002128,
NCIH2731_PLEURA,ACH-002129,
NCIH2795_PLEURA,ACH-002130,
NCIH2803_PLEURA,ACH-002131,
NCIH2804_PLEURA,ACH-002132,
NCIH2810_PLEURA,ACH-002133,
NCIH2818_PLEURA,ACH-002134,
NCIH2869_PLEURA,ACH-002135,
H290_PLEURA,ACH-002136,
D247MG_CENTRAL_NERVOUS_SYSTEM,ACH-002224,
D263MG_CENTRAL_NERVOUS_SYSTEM,ACH-002225,
D336MG_CENTRAL_NERVOUS_SYSTEM,ACH-002226,
D392MG_CENTRAL_NERVOUS_SYSTEM,ACH-002227,
D502MG_CENTRAL_NERVOUS_SYSTEM,ACH-002229,
D542MG_CENTRAL_NERVOUS_SYSTEM,ACH-002230,
D566MG_CENTRAL_NERVOUS_SYSTEM,ACH-002231,
KNS81FD_CENTRAL_NERVOUS_SYSTEM,ACH-002259,
LNZTA3WT4_CENTRAL_NERVOUS_SYSTEM,ACH-002269,
SKMG1_CENTRAL_NERVOUS_SYSTEM,ACH-002304,
PFSK1_CENTRAL_NERVOUS_SYSTEM,ACH-001711,
BE2M17_AUTONOMIC_GANGLIA,ACH-002217,
CHP134_AUTONOMIC_GANGLIA,ACH-001338,
GIMEN_AUTONOMIC_GANGLIA,ACH-001344,
GOTO_AUTONOMIC_GANGLIA,ACH-001716,
IMR5_AUTONOMIC_GANGLIA,ACH-002248,
LAN6_AUTONOMIC_GANGLIA,ACH-001355,
NBTU110_AUTONOMIC_GANGLIA,ACH-002277,
NB10_AUTONOMIC_GANGLIA,ACH-002278,
NB12_AUTONOMIC_GANGLIA,ACH-002279,
NB13_AUTONOMIC_GANGLIA,ACH-002280,
NB14_AUTONOMIC_GANGLIA,ACH-002281,
NB17_AUTONOMIC_GANGLIA,ACH-002282,
NB5_AUTONOMIC_GANGLIA,ACH-002283,
NB6_AUTONOMIC_GANGLIA,ACH-002284,
NB69_AUTONOMIC_GANGLIA,ACH-002083,
NB7_AUTONOMIC_GANGLIA,ACH-002285,
NH12_AUTONOMIC_GANGLIA,ACH-001603,
TGW_AUTONOMIC_GANGLIA,ACH-001674,
MZ1PC_PANCREAS,ACH-002164,
PL18_PANCREAS,ACH-002185,
PL4_PANCREAS,ACH-002186,
CP50MELB_SKIN,ACH-002096,
CP66MEL_SKIN,ACH-002097,
GAK_SKIN,ACH-002120,
GMEL_SKIN,ACH-002121,
HMVII_SKIN,ACH-002040,
ISTMEL1_SKIN,ACH-002143,
LB2518MEL_SKIN,ACH-002152,
LB373MELD_SKIN,ACH-002153,
MMACSF_SKIN,ACH-002162,
MZ2MEL_SKIN,ACH-002165,
MZ7MEL_SKIN,ACH-002166,
WM1552C_SKIN,ACH-002205,
WM278_SKIN,ACH-002206,
WM35_SKIN,ACH-002207,
A388_SKIN,ACH-001442,
A431_SKIN,ACH-001328,
DJM1_SKIN,ACH-002100,
SW684_SOFT_TISSUE,ACH-002309,
RH1_SOFT_TISSUE,ACH-002194,
MFHINO_SOFT_TISSUE,ACH-002271,
SW872_SOFT_TISSUE,ACH-002310,
SW982_SOFT_TISSUE,ACH-001274,
VAESBJ_SOFT_TISSUE,ACH-001702,
ASH3_THYROID,ACH-001443,
IHH4_THYROID,ACH-001528,
K5_THYROID,ACH-002148,
RO82W1_THYROID,ACH-001384,
DSH1_URINARY_TRACT,ACH-002235,
LB831BLC_URINARY_TRACT,ACH-002266,
C33A_CERVIX,ACH-001333,
C4I_CERVIX,ACH-001334,
CAL39_VULVA,ACH-002091,
CASKI_CERVIX,ACH-001336,
DOTC24510_CERVIX,ACH-001341,
HT3_CERVIX,ACH-001525,
ME180_CERVIX,ACH-001359,
MS751_CERVIX,ACH-001360,
SISO_CERVIX,ACH-001650,
SKGIIIA_CERVIX,ACH-002020,
SW756_CERVIX,ACH-001402,
TCYIK_CERVIX,ACH-002201,
HEC1_ENDOMETRIUM,ACH-001517,
JHOS3_OVARY,ACH-002146,
KGN_OVARY,ACH-002149,
OV17R_OVARY,ACH-001373,
OVCA420_OVARY,ACH-002181,
OVMIU_OVARY,ACH-002183,
PA1_OVARY,ACH-001374,
PEO1_OVARY,ACH-001630,
SW626_LARGE_INTESTINE,ACH-001399,
UWB1289_OVARY,ACH-001418,
BPH1_PROSTATE,ACH-001453,
PWR1E_PROSTATE,ACH-001383,
NCCIT_TESTIS,ACH-001578,
NEC8_TESTIS,ACH-002288,
NTERA2CLD1_TESTIS,ACH-002291,
JAR_PLACENTA,ACH-001529,
JEG3_PLACENTA,ACH-001530,
SW954_CERVIX,ACH-001400,
SW962_VULVA,ACH-002200,
SKN_ENDOMETRIUM,ACH-001655,
BC3_HAEMATOPOIETIC_AND_LYMPHOID_TISSUE,ACH-002215,
BONNA12_HAEMATOPOIETIC_AND_LYMPHOID_TISSUE,ACH-001452,
ES6_BONE,ACH-002107,
DIFI_LARGE_INTESTINE,ACH-002233,
RCCJF_KIDNEY,ACH-002190,
SW156_KIDNEY,ACH-001398,
PC3JPC3_LUNG,ACH-002184,
NCIH740_LUNG,ACH-002175,
NCIH1304_LUNG,ACH-002169,
D423MG_CENTRAL_NERVOUS_SYSTEM,ACH-002228,
KPNYS_AUTONOMIC_GANGLIA,ACH-002261,
MCIXC_AUTONOMIC_GANGLIA,ACH-002160,
CP67MEL_SKIN,ACH-002098,
HS633T_SOFT_TISSUE,ACH-002246,
OMC1_CERVIX,ACH-002180,
HEY_OVARY,ACH-002140,
JHU029_UPPER_AERODIGESTIVE_TRACT,ACH-002251,
SCC90_UPPER_AERODIGESTIVE_TRACT,ACH-002315,
OCILY7_HAEMATOPOIETIC_AND_LYMPHOID_TISSUE,ACH-001617,
CHSA0011_BONE,ACH-002092,
CHSA0108_BONE,ACH-002093,
K2_SKIN,ACH-002147,
STS0421_SOFT_TISSUE,ACH-002306,
MYM12_HAEMATOPOIETIC_AND_LYMPHOID_TISSUE,ACH-002276,
NK92MI_HAEMATOPOIETIC_AND_LYMPHOID_TISSUE,ACH-002289,
YMB1E_BREAST,ACH-002208,
RERFLCFM_LUNG,ACH-002193,
D245MG_CENTRAL_NERVOUS_SYSTEM,ACH-002223,
VMRCMELG_SKIN,ACH-001704,
OVCA433_OVARY,ACH-002182,
TMK1_STOMACH,ACH-002202,
SC1_HAEMATOPOIETIC_AND_LYMPHOID_TISSUE,ACH-002392,
UCH2_BONE,ACH-002204,
ML2_HAEMATOPOIETIC_AND_LYMPHOID_TISSUE,ACH-002273,
DG75_HAEMATOPOIETIC_AND_LYMPHOID_TISSUE,ACH-002232,
CCRFCEM_HAEMATOPOIETIC_AND_LYMPHOID_TISSUE,ACH-001738,
HEMCSS_BONE,ACH-001519,
NCIH187_LUNG,ACH-001136,
SBC3_LUNG,ACH-002197,
NCIH513_PLEURA,ACH-002341,
KINGS1_CENTRAL_NERVOUS_SYSTEM,ACH-002257,
LN405_CENTRAL_NERVOUS_SYSTEM,ACH-002268,
NO10_CENTRAL_NERVOUS_SYSTEM,ACH-001605,
NO11_CENTRAL_NERVOUS_SYSTEM,ACH-001606,
451LU_SKIN,ACH-001002,
M14_SKIN,ACH-002159,
HTCC3_THYROID,ACH-001350,
HELA_CERVIX,ACH-001086,
NCIH128_LUNG,ACH-002286,
OMM23_EYE,ACH-002318,
OMM25_EYE,,
SUM52PE_BREAST,ACH-001396,
MAVER1_HAEMATOPOIETIC_AND_LYMPHOID_TISSUE,ACH-002485,
MEL202_EYE,ACH-001554,
Z138_HAEMATOPOIETIC_AND_LYMPHOID_TISSUE,ACH-002500,
MEL285_EYE,ACH-002015,
WS1_SKIN,,
T778_SOFT_TISSUE,ACH-001795,
KMH2_THYROID,ACH-002397,
MC1010_HAEMATOPOIETIC_AND_LYMPHOID_TISSUE,ACH-002390,
LIM1215_LARGE_INTESTINE,ACH-001546,
MCC13_SKIN,ACH-001550,
TASK1_CENTRAL_NERVOUS_SYSTEM,ACH-001670,
UDSCC2_UPPER_AERODIGESTIVE_TRACT,ACH-002391,
SARC9371_BONE,ACH-002396,
MCC26_SKIN,ACH-001552,
NBSUSSR_AUTONOMIC_GANGLIA,ACH-002340,
GEO_LARGE_INTESTINE,ACH-002394,
NCIH2330_LUNG,,
LP6_SOFT_TISSUE,ACH-001116,
HS578BST_BREAST,,
LC1SQ_LUNG,ACH-002156,
